group,feature,topk,tau,n_pos,pos_hit_rate,mean_act,median_act,p75_act,max_act
bsae_512_2048_512__Er0_Dr2_k16_ep16_20251130-051124__k16,850,16,0.3966566189697809,5,0.4,0.36688584089279175,0.3190476894378662,0.6007466912269592,0.6964412927627563
bsae_512_2048_512__Er0_Dr2_k16_ep16_20251130-051124__k16,957,16,0.3966566189697809,5,0.0,-0.1652681827545166,-0.21372821927070618,-0.09358961880207062,0.21992015838623047
bsae_512_2048_512__Er0_Dr2_k16_ep16_20251130-051124__k16,357,16,0.3966566189697809,5,0.4,0.40551042556762695,0.2838985323905945,0.40524500608444214,0.9893426299095154
bsae_512_2048_512__Er0_Dr2_k16_ep16_20251130-051124__k16,572,16,0.3966566189697809,5,0.4,0.23889502882957458,0.03302421793341637,0.5001250505447388,0.8333331346511841
bsae_512_2048_512__Er0_Dr2_k16_ep16_20251130-051124__k16,1801,16,0.3966566189697809,5,1.0,1.2701547145843506,1.2665377855300903,1.321770191192627,1.5539262294769287
bsae_512_2048_512__Er0_Dr2_k16_ep16_20251130-051124__k16,630,16,0.3966566189697809,5,1.0,2.2085227966308594,2.1325743198394775,2.230461359024048,2.5202698707580566
bsae_512_2048_512__Er0_Dr2_k16_ep16_20251130-051124__k16,1108,16,0.3966566189697809,5,1.0,0.7495096325874329,0.718399167060852,0.8156781792640686,0.9859203100204468
bsae_512_2048_512__Er0_Dr2_k16_ep16_20251130-051124__k16,33,16,0.3966566189697809,5,0.0,-0.04766678065061569,-0.06738593429327011,0.20519667863845825,0.3076554536819458
bsae_512_2048_512__Er0_Dr2_k16_ep16_20251130-051124__k16,103,16,0.3966566189697809,5,0.0,0.12111859023571014,0.14034944772720337,0.1456894725561142,0.224601149559021
bsae_512_2048_512__Er0_Dr2_k16_ep16_20251130-051124__k16,1172,16,0.3966566189697809,5,0.0,-0.19759489595890045,-0.15171769261360168,-0.13364450633525848,-0.09395965933799744
bsae_512_2048_512__Er0_Dr2_k16_ep16_20251130-051124__k16,1217,16,0.3966566189697809,5,0.0,-0.44898104667663574,-0.49927905201911926,-0.32833197712898254,-0.27464497089385986
bsae_512_2048_512__Er0_Dr2_k16_ep16_20251130-051124__k16,719,16,0.3966566189697809,5,0.0,-0.12350006401538849,-0.26934921741485596,-0.01543036475777626,0.37783679366111755
bsae_512_2048_512__Er0_Dr2_k16_ep16_20251130-051124__k16,594,16,0.3966566189697809,5,1.0,1.2814875841140747,1.2959007024765015,1.302661418914795,1.3723728656768799
bsae_512_2048_512__Er0_Dr2_k16_ep16_20251130-051124__k16,618,16,0.3966566189697809,5,0.8,0.6098412871360779,0.6923975348472595,0.7831835150718689,0.8332005739212036
bsae_512_2048_512__Er0_Dr2_k16_ep16_20251130-051124__k16,1002,16,0.3966566189697809,5,0.6,0.8530227541923523,0.7422487139701843,1.3690218925476074,1.8686766624450684
bsae_512_2048_512__Er0_Dr2_k16_ep16_20251130-051124__k16,646,16,0.3966566189697809,5,0.0,-0.25256627798080444,-0.36099088191986084,-0.09518018364906311,0.08046147227287292
bsae_512_2048_512__Er0_Dr2_k16_ep16_20251130-051124__k16,871,16,0.3966566189697809,5,1.0,0.9909246563911438,1.024584174156189,1.4733408689498901,1.5251446962356567
bsae_512_2048_512__Er0_Dr2_k16_ep16_20251130-051124__k16,1941,16,0.3966566189697809,5,0.2,0.17835749685764313,0.12390795350074768,0.2099345326423645,0.733866810798645
bsae_512_2048_512__Er0_Dr2_k16_ep16_20251130-051124__k16,336,16,0.3966566189697809,5,0.0,-0.5619669556617737,-0.6273922920227051,-0.515026330947876,0.11878587305545807
bsae_512_2048_512__Er0_Dr2_k16_ep16_20251130-051124__k16,232,16,0.3966566189697809,5,0.0,-0.057077497243881226,-0.1140565350651741,-0.021947383880615234,0.31060826778411865
bsae_512_2048_512__Er0_Dr2_k16_ep16_20251130-051124__k16,1206,16,0.3966566189697809,5,0.4,0.4888485372066498,0.3574930429458618,0.5297256708145142,1.0060735940933228
bsae_512_2048_512__Er0_Dr2_k16_ep16_20251130-051124__k16,1307,16,0.3966566189697809,5,0.0,-0.40227922797203064,-0.4609246850013733,-0.21852511167526245,-0.13889935612678528
bsae_512_2048_512__Er0_Dr2_k16_ep16_20251130-051124__k16,1783,16,0.3966566189697809,5,0.4,0.23205026984214783,0.09007224440574646,0.5031569004058838,0.6826276779174805
bsae_512_2048_512__Er0_Dr2_k16_ep16_20251130-051124__k16,1046,16,0.3966566189697809,5,0.6,0.6574305891990662,0.4984382390975952,0.6455355286598206,2.001363754272461
bsae_512_2048_512__Er0_Dr2_k16_ep16_20251130-051124__k16,1617,16,0.3966566189697809,5,0.6,0.3068140745162964,0.4101824164390564,0.5000817179679871,0.5949010252952576
bsae_512_2048_512__Er0_Dr2_k16_ep16_20251130-051124__k16,1501,16,0.3966566189697809,5,0.0,-0.3564078211784363,-0.4482596516609192,-0.33309441804885864,0.06920824944972992
bsae_512_2048_512__Er0_Dr2_k16_ep16_20251130-051124__k16,335,16,0.3966566189697809,5,0.0,-0.1226852685213089,-0.17724958062171936,-0.044556811451911926,0.041333142668008804
bsae_512_2048_512__Er0_Dr2_k16_ep16_20251130-051124__k16,219,16,0.3966566189697809,5,1.0,1.63423752784729,1.3518531322479248,1.8554388284683228,2.813830852508545
bsae_512_2048_512__Er0_Dr2_k16_ep16_20251130-051124__k16,2020,16,0.3966566189697809,5,0.4,0.31463199853897095,0.3912917375564575,0.4175446629524231,0.4474141001701355
bsae_512_2048_512__Er0_Dr2_k16_ep16_20251130-051124__k16,253,16,0.3966566189697809,5,0.2,0.256478875875473,0.2638488709926605,0.3527486026287079,0.5734482407569885
bsae_512_2048_512__Er0_Dr2_k16_ep16_20251130-051124__k16,981,16,0.3966566189697809,5,0.8,0.7660266160964966,0.7366988658905029,0.7435564994812012,1.2853097915649414
bsae_512_2048_512__Er0_Dr2_k16_ep16_20251130-051124__k16,1630,16,0.3966566189697809,5,0.8,1.7350162267684937,1.14321768283844,2.9993231296539307,3.9128541946411133
bsae_512_2048_512__Er0_Dr2_k16_ep16_20251130-051124__k16,612,16,0.3966566189697809,5,0.2,0.3754352629184723,0.22761671245098114,0.3124275803565979,1.0920753479003906
bsae_512_2048_512__Er0_Dr2_k16_ep16_20251130-051124__k16,224,16,0.3966566189697809,5,0.0,-0.2385241985321045,-0.24079173803329468,-0.18631650507450104,-0.05908455699682236
bsae_512_2048_512__Er0_Dr2_k16_ep16_20251130-051124__k16,439,16,0.3966566189697809,5,0.0,-0.23869295418262482,-0.23514324426651,-0.09017957746982574,0.08951891958713531
bsae_512_2048_512__Er0_Dr2_k16_ep16_20251130-051124__k16,548,16,0.3966566189697809,5,0.4,0.3840784430503845,0.21169616281986237,0.46024206280708313,1.1463780403137207
bsae_512_2048_512__Er0_Dr2_k16_ep16_20251130-051124__k16,1389,16,0.3966566189697809,5,0.2,-0.05473053455352783,-0.2262246161699295,0.28948119282722473,0.4557468593120575
bsae_512_2048_512__Er0_Dr2_k16_ep16_20251130-051124__k16,1431,16,0.3966566189697809,5,0.6,0.5255237221717834,0.4600556194782257,1.0695375204086304,1.1513895988464355
bsae_512_2048_512__Er0_Dr2_k16_ep16_20251130-051124__k16,596,16,0.3966566189697809,5,0.6,0.4968052804470062,0.4051041603088379,0.7619657516479492,1.110517144203186
bsae_512_2048_512__Er0_Dr2_k16_ep16_20251130-051124__k16,896,16,0.3966566189697809,5,0.0,-0.04761171340942383,0.02900417149066925,0.09902117401361465,0.1772090494632721
bsae_512_2048_512__Er0_Dr2_k16_ep16_20251130-051124__k16,977,16,0.3966566189697809,5,0.4,0.263563871383667,0.3945598602294922,0.4056841731071472,0.506622850894928
bsae_512_2048_512__Er0_Dr2_k16_ep16_20251130-051124__k16,652,16,0.3966566189697809,5,0.6,0.5892602205276489,0.5470414161682129,0.7389600872993469,0.9855456352233887
bsae_512_2048_512__Er0_Dr2_k16_ep16_20251130-051124__k16,1720,16,0.3966566189697809,5,0.6,0.37641674280166626,0.4626370668411255,0.49790650606155396,0.6271387934684753
bsae_512_2048_512__Er0_Dr2_k16_ep16_20251130-051124__k16,56,16,0.3966566189697809,5,1.0,0.9379444122314453,0.7637581825256348,0.9327471852302551,1.7732164859771729
bsae_512_2048_512__Er0_Dr2_k16_ep16_20251130-051124__k16,1142,16,0.3966566189697809,5,0.2,0.25152283906936646,0.1517997533082962,0.19954955577850342,0.7447937726974487
bsae_512_2048_512__Er0_Dr2_k16_ep16_20251130-051124__k16,861,16,0.3966566189697809,5,0.8,1.0186232328414917,1.0780091285705566,1.2858842611312866,1.9151206016540527
bsae_512_2048_512__Er0_Dr2_k16_ep16_20251130-051124__k16,622,16,0.3966566189697809,5,0.2,0.2975265681743622,0.2854866683483124,0.3262280225753784,0.40034741163253784
bsae_512_2048_512__Er0_Dr2_k16_ep16_20251130-051124__k16,1674,16,0.3966566189697809,5,1.0,1.528218150138855,1.6194227933883667,1.771612524986267,1.9726966619491577
bsae_512_2048_512__Er0_Dr2_k16_ep16_20251130-051124__k16,1139,16,0.3966566189697809,5,0.4,0.2801636755466461,0.25009793043136597,0.45645108819007874,0.5404248237609863
bsae_512_2048_512__Er0_Dr2_k16_ep16_20251130-051124__k16,296,16,0.3966566189697809,5,1.0,1.8631350994110107,1.8121243715286255,1.9278578758239746,2.063960552215576
bsae_512_2048_512__Er0_Dr2_k16_ep16_20251130-051124__k16,1541,16,0.3966566189697809,5,0.0,-0.1611333042383194,-0.2501917779445648,-0.17781293392181396,0.2537662386894226
bsae_512_2048_512__Er0_Dr2_k16_ep16_20251130-051124__k16,1194,16,0.3966566189697809,5,0.4,0.02561134099960327,-0.29245465993881226,0.6581165194511414,0.9013816714286804
bsae_512_2048_512__Er0_Dr2_k16_ep16_20251130-051124__k16,203,16,0.3966566189697809,5,0.6,0.2769853472709656,0.4889395833015442,0.6811344027519226,0.8148776292800903
bsae_512_2048_512__Er0_Dr2_k16_ep16_20251130-051124__k16,1844,16,0.3966566189697809,5,0.2,0.021212631836533546,-0.0866699144244194,0.21134254336357117,0.40291687846183777
bsae_512_2048_512__Er0_Dr2_k16_ep16_20251130-051124__k16,228,16,0.3966566189697809,5,1.0,0.7929625511169434,0.7034639716148376,0.8504531383514404,1.1091991662979126
bsae_512_2048_512__Er0_Dr2_k16_ep16_20251130-051124__k16,2045,16,0.3966566189697809,5,0.2,0.2699761688709259,0.20265960693359375,0.35974448919296265,0.5680736899375916
bsae_512_2048_512__Er0_Dr2_k16_ep16_20251130-051124__k16,863,16,0.3966566189697809,5,0.0,-0.06340605020523071,-0.049895256757736206,-0.012946009635925293,0.11945386230945587
bsae_512_2048_512__Er0_Dr2_k16_ep16_20251130-051124__k16,17,16,0.3966566189697809,5,0.4,0.43062418699264526,0.360343873500824,0.5117009878158569,0.6021590232849121
bsae_512_2048_512__Er0_Dr2_k16_ep16_20251130-051124__k16,1292,16,0.3966566189697809,5,0.0,0.10006467252969742,0.1202845349907875,0.12884829938411713,0.36859938502311707
bsae_512_2048_512__Er0_Dr2_k16_ep16_20251130-051124__k16,248,16,0.3966566189697809,5,1.0,2.0507571697235107,2.292729616165161,2.292848587036133,2.3877041339874268
bsae_512_2048_512__Er0_Dr2_k16_ep16_20251130-051124__k16,517,16,0.3966566189697809,5,0.0,-0.4416579306125641,-0.4893878400325775,-0.44754403829574585,-0.2779468297958374
bsae_512_2048_512__Er0_Dr2_k16_ep16_20251130-051124__k16,1781,16,0.3966566189697809,5,0.0,0.022800106555223465,-0.00051908940076828,0.054451748728752136,0.10899704694747925
bsae_512_2048_512__Er0_Dr2_k16_ep16_20251130-051124__k16,834,16,0.3966566189697809,5,1.0,1.3699421882629395,1.526157259941101,1.5665103197097778,1.6217565536499023
bsae_512_2048_512__Er0_Dr2_k16_ep16_20251130-051124__k16,1673,16,0.3966566189697809,5,0.8,1.1479904651641846,1.037373423576355,1.4228328466415405,2.222001552581787
bsae_512_2048_512__Er0_Dr2_k16_ep16_20251130-051124__k16,1625,16,0.3966566189697809,5,0.4,0.35447755455970764,0.3739309012889862,0.40590086579322815,0.6249194145202637
bsae_512_2048_512__Er0_Dr2_k16_ep16_20251130-051124__k16,774,16,0.3966566189697809,5,0.4,0.4812700152397156,0.07475486397743225,0.553142249584198,1.9527506828308105
bsae_512_2048_512__Er0_Dr2_k16_ep16_20251130-051124__k16,984,16,0.3966566189697809,5,0.0,-0.7133957147598267,-0.6523199081420898,-0.5549285411834717,-0.4875839352607727
bsae_512_2048_512__Er0_Dr2_k16_ep16_20251130-051124__k16,1587,16,0.3966566189697809,5,0.6,0.8093898892402649,0.6642504334449768,1.394105076789856,1.6726264953613281
bsae_512_2048_512__Er0_Dr2_k16_ep16_20251130-051124__k16,1692,16,0.3966566189697809,5,0.2,-0.111869215965271,-0.21612919867038727,-0.14957979321479797,0.43116945028305054
bsae_512_2048_512__Er0_Dr2_k16_ep16_20251130-051124__k16,565,16,0.3966566189697809,5,0.6,0.45996326208114624,0.49074169993400574,0.8373849391937256,0.8399797677993774
bsae_512_2048_512__Er0_Dr2_k16_ep16_20251130-051124__k16,221,16,0.3966566189697809,5,0.2,-0.042692769318819046,-0.17897933721542358,0.17459113895893097,0.8766823410987854
bsae_512_2048_512__Er0_Dr2_k16_ep16_20251130-051124__k16,1362,16,0.3966566189697809,5,0.0,-0.33379101753234863,-0.31867870688438416,-0.25718003511428833,-0.09471699595451355
bsae_512_2048_512__Er0_Dr2_k16_ep16_20251130-051124__k16,1036,16,0.3966566189697809,5,0.4,0.40638136863708496,0.3028727173805237,0.4690127372741699,0.9656258821487427
bsae_512_2048_512__Er0_Dr2_k16_ep16_20251130-051124__k16,824,16,0.3966566189697809,5,0.4,0.3189864754676819,0.23579050600528717,0.43052223324775696,0.6455519199371338
bsae_512_2048_512__Er0_Dr2_k16_ep16_20251130-051124__k16,1261,16,0.3966566189697809,5,0.4,0.4321000576019287,0.26290470361709595,0.8834238648414612,1.015831708908081
bsae_512_2048_512__Er0_Dr2_k16_ep16_20251130-051124__k16,1532,16,0.3966566189697809,5,0.0,0.06636425107717514,0.05139254033565521,0.1413915455341339,0.15984421968460083
bsae_512_2048_512__Er0_Dr2_k16_ep16_20251130-051124__k16,1238,16,0.3966566189697809,5,0.2,0.3287668824195862,0.3265184462070465,0.36720505356788635,0.47525328397750854
bsae_512_2048_512__Er0_Dr2_k16_ep16_20251130-051124__k16,1070,16,0.3966566189697809,5,0.0,-0.3008328080177307,-0.26000282168388367,-0.09630618989467621,0.15205198526382446
bsae_512_2048_512__Er0_Dr2_k16_ep16_20251130-051124__k16,365,16,0.3966566189697809,5,0.2,0.013035690411925316,-0.07471492886543274,-0.0390276163816452,0.6925337314605713
bsae_512_2048_512__Er0_Dr2_k16_ep16_20251130-051124__k16,905,16,0.3966566189697809,5,1.0,1.61979079246521,1.5898948907852173,1.7452170848846436,1.8162009716033936
bsae_512_2048_512__Er0_Dr2_k16_ep16_20251130-051124__k16,918,16,0.3966566189697809,5,1.0,1.1849205493927002,1.2313644886016846,1.3810642957687378,1.7419943809509277
bsae_512_2048_512__Er0_Dr2_k16_ep16_20251130-051124__k16,26,16,0.3966566189697809,5,0.6,0.5823928117752075,0.7600030303001404,1.1292856931686401,1.1329869031906128
bsae_512_2048_512__Er0_Dr2_k16_ep16_20251130-051124__k16,681,16,0.3966566189697809,5,0.2,0.14852099120616913,0.0884343683719635,0.144283726811409,0.7493236064910889
bsae_512_2048_512__Er0_Dr2_k16_ep16_20251130-051124__k16,1694,16,0.3966566189697809,5,0.4,0.38084205985069275,0.3251715302467346,0.5989992618560791,1.077093482017517
bsae_512_2048_512__Er0_Dr2_k16_ep16_20251130-051124__k16,421,16,0.3966566189697809,5,1.0,2.605057954788208,2.7527623176574707,2.8622212409973145,3.151111125946045
bsae_512_2048_512__Er0_Dr2_k16_ep16_20251130-051124__k16,1449,16,0.3966566189697809,5,0.8,1.0800505876541138,1.1691408157348633,1.365635633468628,1.6435604095458984
bsae_512_2048_512__Er0_Dr2_k16_ep16_20251130-051124__k16,392,16,0.3966566189697809,5,0.6,0.5889945030212402,0.4494902789592743,0.9778963327407837,1.073023796081543
bsae_512_2048_512__Er0_Dr2_k16_ep16_20251130-051124__k16,1874,16,0.3966566189697809,5,0.0,-0.3888607919216156,-0.5088027119636536,-0.13346046209335327,-0.09478326141834259
bsae_512_2048_512__Er0_Dr2_k16_ep16_20251130-051124__k16,1923,16,0.3966566189697809,5,0.0,-0.11652827262878418,-0.21734994649887085,0.12476272881031036,0.170451819896698
bsae_512_2048_512__Er0_Dr2_k16_ep16_20251130-051124__k16,1512,16,0.3966566189697809,5,0.8,0.8399759531021118,0.8292004466056824,1.2235900163650513,1.3262865543365479
bsae_512_2048_512__Er0_Dr2_k16_ep16_20251130-051124__k16,1774,16,0.3966566189697809,5,0.0,0.24149362742900848,0.26983654499053955,0.28335297107696533,0.28529661893844604
bsae_512_2048_512__Er0_Dr2_k16_ep16_20251130-051124__k16,1391,16,0.3966566189697809,5,0.0,-0.023662924766540527,-0.025334427133202553,0.0016699545085430145,0.3153054118156433
bsae_512_2048_512__Er0_Dr2_k16_ep16_20251130-051124__k16,1556,16,0.3966566189697809,5,1.0,1.2208926677703857,1.0097614526748657,1.6739705801010132,2.0330679416656494
bsae_512_2048_512__Er0_Dr2_k16_ep16_20251130-051124__k16,1298,16,0.3966566189697809,5,1.0,2.207083225250244,1.9516115188598633,2.857781410217285,4.059239387512207
bsae_512_2048_512__Er0_Dr2_k16_ep16_20251130-051124__k16,1076,16,0.3966566189697809,5,0.2,0.2978629469871521,0.09556750953197479,0.17153742909431458,1.520796775817871
bsae_512_2048_512__Er0_Dr2_k16_ep16_20251130-051124__k16,155,16,0.3966566189697809,5,0.0,-0.5413432121276855,-0.5403329133987427,-0.48478469252586365,-0.374860942363739
bsae_512_2048_512__Er0_Dr2_k16_ep16_20251130-051124__k16,607,16,0.3966566189697809,5,1.0,0.8410722017288208,0.6636272668838501,1.054582118988037,1.2710520029067993
bsae_512_2048_512__Er0_Dr2_k16_ep16_20251130-051124__k16,1663,16,0.3966566189697809,5,0.6,1.1322834491729736,0.7630202174186707,2.0930893421173096,2.205986976623535
bsae_512_2048_512__Er0_Dr2_k16_ep16_20251130-051124__k16,665,16,0.3966566189697809,5,0.8,0.6172399520874023,0.568006157875061,0.783664345741272,0.9549996852874756
bsae_512_2048_512__Er0_Dr2_k16_ep16_20251130-051124__k16,2034,16,0.3966566189697809,5,0.0,-0.021764522418379784,-0.05138665437698364,-0.03880773484706879,0.3963179886341095
bsae_512_2048_512__Er0_Dr2_k16_ep16_20251130-051124__k16,1913,16,0.3966566189697809,5,0.6,0.4928516447544098,0.4306880235671997,0.6082884073257446,0.6766541600227356
bsae_512_2048_512__Er0_Dr2_k16_ep16_20251130-051124__k16,1907,16,0.3966566189697809,5,0.2,0.2851051688194275,0.22684171795845032,0.2929544448852539,0.7054456472396851
bsae_512_2048_512__Er0_Dr2_k16_ep16_20251130-051124__k16,1386,16,0.3966566189697809,5,0.0,0.07591646909713745,0.02711549401283264,0.15802666544914246,0.21693331003189087
bsae_512_2048_512__Er0_Dr2_k16_ep16_20251130-051124__k16,1187,16,0.3966566189697809,5,0.0,0.04285379499197006,0.044845130294561386,0.1393171101808548,0.18796150386333466
bsae_512_2048_512__Er0_Dr2_k16_ep16_20251130-051124__k16,1210,16,0.3966566189697809,5,0.0,-0.09633572399616241,-0.09525379538536072,-0.07130514085292816,-0.00017171725630760193
bsae_512_2048_512__Er0_Dr2_k16_ep16_20251130-051124__k16,114,16,0.3966566189697809,5,0.2,0.3771527111530304,0.29978975653648376,0.34027883410453796,1.1694506406784058
bsae_512_2048_512__Er0_Dr2_k16_ep16_20251130-051124__k16,1463,16,0.3966566189697809,5,0.4,0.2963410019874573,0.1926940679550171,0.5124845504760742,1.105454921722412
bsae_512_2048_512__Er0_Dr2_k16_ep16_20251130-051124__k16,60,16,0.3966566189697809,5,1.0,1.8697082996368408,2.020254135131836,2.190190076828003,2.242382526397705
bsae_512_2048_512__Er0_Dr2_k16_ep16_20251130-051124__k16,1400,16,0.3966566189697809,5,0.6,0.5750327110290527,0.45614683628082275,1.0349794626235962,1.1749863624572754
bsae_512_2048_512__Er0_Dr2_k16_ep16_20251130-051124__k16,1013,16,0.3966566189697809,5,0.2,0.13508974015712738,0.12247677147388458,0.23148617148399353,0.4211612939834595
bsae_512_2048_512__Er0_Dr2_k16_ep16_20251130-051124__k16,1163,16,0.3966566189697809,5,1.0,1.8210694789886475,2.0891735553741455,2.241666793823242,2.8283004760742188
bsae_512_2048_512__Er0_Dr2_k16_ep16_20251130-051124__k16,1551,16,0.3966566189697809,5,0.8,1.1024553775787354,1.422525405883789,1.43156898021698,2.1323914527893066
bsae_512_2048_512__Er0_Dr2_k16_ep16_20251130-051124__k16,193,16,0.3966566189697809,5,0.0,-0.18850365281105042,-0.1957828849554062,-0.16039831936359406,-0.13793328404426575
bsae_512_2048_512__Er0_Dr2_k16_ep16_20251130-051124__k16,687,16,0.3966566189697809,5,1.0,1.433374047279358,1.3709473609924316,1.6813948154449463,2.370211362838745
bsae_512_2048_512__Er0_Dr2_k16_ep16_20251130-051124__k16,171,16,0.3966566189697809,5,0.2,0.1573675125837326,0.09796300530433655,0.3864264488220215,0.6686393618583679
bsae_512_2048_512__Er0_Dr2_k16_ep16_20251130-051124__k16,654,16,0.3966566189697809,5,0.8,0.532834529876709,0.5703901052474976,0.6066532135009766,0.6836572885513306
bsae_512_2048_512__Er0_Dr2_k16_ep16_20251130-051124__k16,865,16,0.3966566189697809,5,1.0,1.5031476020812988,1.572934627532959,1.6290210485458374,1.7206774950027466
bsae_512_2048_512__Er0_Dr2_k16_ep16_20251130-051124__k16,1146,16,0.3966566189697809,5,0.8,0.5894736051559448,0.5542237162590027,0.9221426844596863,0.95390385389328
bsae_512_2048_512__Er0_Dr2_k16_ep16_20251130-051124__k16,1332,16,0.3966566189697809,5,0.6,0.5071185231208801,0.5340392589569092,0.6746463775634766,0.9367462992668152
bsae_512_2048_512__Er0_Dr2_k16_ep16_20251130-051124__k16,1691,16,0.3966566189697809,5,1.0,1.504213571548462,1.5694020986557007,1.837262749671936,2.5220649242401123
bsae_512_2048_512__Er0_Dr2_k16_ep16_20251130-051124__k16,1385,16,0.3966566189697809,5,0.0,-0.04805402085185051,-0.007722176611423492,0.018492497503757477,0.3397935926914215
bsae_512_2048_512__Er0_Dr2_k16_ep16_20251130-051124__k16,1773,16,0.3966566189697809,5,0.0,0.010756037198007107,0.054016150534152985,0.0542561337351799,0.054428137838840485
bsae_512_2048_512__Er0_Dr2_k16_ep16_20251130-051124__k16,1997,16,0.3966566189697809,5,0.4,0.28842639923095703,0.24955548346042633,0.48885130882263184,0.7382840514183044
bsae_512_2048_512__Er0_Dr2_k16_ep16_20251130-051124__k16,1283,16,0.3966566189697809,5,0.8,0.8671852946281433,0.7435311079025269,1.0311293601989746,1.7100306749343872
bsae_512_2048_512__Er0_Dr2_k16_ep16_20251130-051124__k16,1567,16,0.3966566189697809,5,0.2,0.2537141442298889,0.1314227283000946,0.17751091718673706,0.9378682971000671
bsae_512_2048_512__Er0_Dr2_k16_ep16_20251130-051124__k16,295,16,0.3966566189697809,5,0.2,0.1667613685131073,0.2691146433353424,0.35123205184936523,0.6805965900421143
bsae_512_2048_512__Er0_Dr2_k16_ep16_20251130-051124__k16,1359,16,0.3966566189697809,5,0.0,0.007158969528973103,0.0682932659983635,0.09319715946912766,0.24623233079910278
bsae_512_2048_512__Er0_Dr2_k16_ep16_20251130-051124__k16,1080,16,0.3966566189697809,5,0.0,-0.020578190684318542,-0.00016207993030548096,0.1454170048236847,0.24986031651496887
bsae_512_2048_512__Er0_Dr2_k16_ep16_20251130-051124__k16,91,16,0.3966566189697809,5,0.4,0.4146890640258789,0.3811609447002411,0.49342823028564453,0.7008395791053772
bsae_512_2048_512__Er0_Dr2_k16_ep16_20251130-051124__k16,1498,16,0.3966566189697809,5,1.0,1.873308777809143,1.5011779069900513,2.1739540100097656,3.5015487670898438
bsae_512_2048_512__Er0_Dr2_k16_ep16_20251130-051124__k16,604,16,0.3966566189697809,5,0.4,0.39104294776916504,0.3813133239746094,0.5573759078979492,0.7516023516654968
bsae_512_2048_512__Er0_Dr2_k16_ep16_20251130-051124__k16,615,16,0.3966566189697809,5,1.0,1.3603770732879639,1.3867332935333252,1.398140549659729,1.4597927331924438
bsae_512_2048_512__Er0_Dr2_k16_ep16_20251130-051124__k16,1607,16,0.3966566189697809,5,0.6,0.46269112825393677,0.5254242420196533,0.6546578407287598,0.761043906211853
bsae_512_2048_512__Er0_Dr2_k16_ep16_20251130-051124__k16,1263,16,0.3966566189697809,5,0.2,0.006132498383522034,-0.21437878906726837,-0.011912986636161804,0.73790442943573
bsae_512_2048_512__Er0_Dr2_k16_ep16_20251130-051124__k16,376,16,0.3966566189697809,5,1.0,0.7301380634307861,0.7059319615364075,0.7458095550537109,0.7945058345794678
bsae_512_2048_512__Er0_Dr2_k16_ep16_20251130-051124__k16,473,16,0.3966566189697809,5,0.0,-0.482624351978302,-0.35853275656700134,-0.34681856632232666,-0.04413461685180664
bsae_512_2048_512__Er0_Dr2_k16_ep16_20251130-051124__k16,1116,16,0.3966566189697809,5,0.4,0.9257640838623047,0.35143721103668213,1.9475154876708984,2.148881435394287
bsae_512_2048_512__Er0_Dr2_k16_ep16_20251130-051124__k16,1445,16,0.3966566189697809,5,0.0,-0.047363974153995514,-0.08378589898347855,-0.07111283391714096,0.31079742312431335
bsae_512_2048_512__Er0_Dr2_k16_ep16_20251130-051124__k16,1597,16,0.3966566189697809,5,0.4,0.3708154559135437,0.28935158252716064,0.6140620708465576,0.7843076586723328
bsae_512_2048_512__Er0_Dr2_k16_ep16_20251130-051124__k16,1424,16,0.3966566189697809,5,1.0,1.4989970922470093,1.5140950679779053,1.559194564819336,1.9545382261276245
bsae_512_2048_512__Er0_Dr2_k16_ep16_20251130-051124__k16,1111,16,0.3966566189697809,5,0.0,-0.06383240967988968,0.08033058047294617,0.1304602324962616,0.29905545711517334
bsae_512_2048_512__Er0_Dr2_k16_ep16_20251130-051124__k16,557,16,0.3966566189697809,5,1.0,0.8368752598762512,0.9505186080932617,0.9627861976623535,1.0043209791183472
bsae_512_2048_512__Er0_Dr2_k16_ep16_20251130-051124__k16,373,16,0.3966566189697809,5,0.6,0.8925737142562866,0.6178778409957886,1.8411917686462402,1.9321762323379517
bsae_512_2048_512__Er0_Dr2_k16_ep16_20251130-051124__k16,198,16,0.3966566189697809,5,0.0,-0.813718318939209,-0.9042826890945435,-0.5259714722633362,-0.4855949282646179
bsae_512_2048_512__Er0_Dr2_k16_ep16_20251130-051124__k16,1684,16,0.3966566189697809,5,1.0,2.074418544769287,1.8522114753723145,1.9969041347503662,3.6076529026031494
bsae_512_2048_512__Er0_Dr2_k16_ep16_20251130-051124__k16,996,16,0.3966566189697809,5,0.8,0.656899631023407,0.5112251043319702,1.0270277261734009,1.1297582387924194
bsae_512_2048_512__Er0_Dr2_k16_ep16_20251130-051124__k16,1531,16,0.3966566189697809,5,1.0,1.7779194116592407,1.82207453250885,1.9530060291290283,2.140939474105835
bsae_512_2048_512__Er0_Dr2_k16_ep16_20251130-051124__k16,1810,16,0.3966566189697809,5,1.0,0.8096021413803101,0.8073940277099609,0.8097355365753174,0.9008067846298218
bsae_512_2048_512__Er0_Dr2_k16_ep16_20251130-051124__k16,569,16,0.3966566189697809,5,1.0,1.4655699729919434,1.4902855157852173,1.7013856172561646,2.4091720581054688
bsae_512_2048_512__Er0_Dr2_k16_ep16_20251130-051124__k16,854,16,0.3966566189697809,5,0.8,1.3410964012145996,1.6829239130020142,1.7077821493148804,1.7119280099868774
bsae_512_2048_512__Er0_Dr2_k16_ep16_20251130-051124__k16,779,16,0.3966566189697809,5,0.0,-0.37565189599990845,-0.43516814708709717,-0.35846906900405884,-0.09213370829820633
bsae_512_2048_512__Er0_Dr2_k16_ep16_20251130-051124__k16,290,16,0.3966566189697809,5,0.0,0.12837448716163635,0.07089526951313019,0.1828843653202057,0.2861553728580475
bsae_512_2048_512__Er0_Dr2_k16_ep16_20251130-051124__k16,207,16,0.3966566189697809,5,1.0,0.7269049882888794,0.6811860203742981,0.7941308617591858,0.8838034272193909
bsae_512_2048_512__Er0_Dr2_k16_ep16_20251130-051124__k16,586,16,0.3966566189697809,5,0.6,0.798051655292511,0.7192232012748718,1.052940845489502,1.64007568359375
bsae_512_2048_512__Er0_Dr2_k16_ep16_20251130-051124__k16,636,16,0.3966566189697809,5,0.0,-0.4611450135707855,-0.4958779215812683,-0.3346986174583435,0.09874896705150604
bsae_512_2048_512__Er0_Dr2_k16_ep16_20251130-051124__k16,1032,16,0.3966566189697809,5,0.2,0.28099524974823,0.08078904449939728,0.34285905957221985,1.134242296218872
bsae_512_2048_512__Er0_Dr2_k16_ep16_20251130-051124__k16,86,16,0.3966566189697809,5,0.2,-0.16723434627056122,-0.29816627502441406,-0.10889517515897751,0.6170505285263062
bsae_512_2048_512__Er0_Dr2_k16_ep16_20251130-051124__k16,1743,16,0.3966566189697809,5,1.0,0.9384463429450989,0.7671145796775818,0.9788530468940735,1.5904314517974854
bsae_512_2048_512__Er0_Dr2_k16_ep16_20251130-051124__k16,1877,16,0.3966566189697809,5,1.0,2.511579990386963,2.6621499061584473,2.7611021995544434,3.1733970642089844
bsae_512_2048_512__Er0_Dr2_k16_ep16_20251130-051124__k16,632,16,0.3966566189697809,5,0.8,0.8348245620727539,0.956871509552002,1.0560442209243774,1.13593590259552
bsae_512_2048_512__Er0_Dr2_k16_ep16_20251130-051124__k16,1198,16,0.3966566189697809,5,0.0,-0.05103807896375656,-0.036465853452682495,0.049943894147872925,0.12301000952720642
bsae_512_2048_512__Er0_Dr2_k16_ep16_20251130-051124__k16,685,16,0.3966566189697809,5,0.0,0.12913239002227783,0.14104579389095306,0.1607504040002823,0.30645638704299927
bsae_512_2048_512__Er0_Dr2_k16_ep16_20251130-051124__k16,784,16,0.3966566189697809,5,0.0,-0.236009880900383,-0.13532787561416626,0.004234939813613892,0.031770169734954834
bsae_512_2048_512__Er0_Dr2_k16_ep16_20251130-051124__k16,1330,16,0.3966566189697809,5,0.2,0.17892567813396454,-0.18216803669929504,0.3002297878265381,1.4271917343139648
bsae_512_2048_512__Er0_Dr2_k16_ep16_20251130-051124__k16,1005,16,0.3966566189697809,5,0.4,0.36262720823287964,0.04204539954662323,0.5093848705291748,1.846756935119629
bsae_512_2048_512__Er0_Dr2_k16_ep16_20251130-051124__k16,909,16,0.3966566189697809,5,0.0,-0.724215567111969,-0.7094132900238037,-0.6663479804992676,-0.5994311571121216
bsae_512_2048_512__Er0_Dr2_k16_ep16_20251130-051124__k16,1708,16,0.3966566189697809,5,0.0,-0.025028696283698082,-0.11783108115196228,0.04830390214920044,0.3428703546524048
bsae_512_2048_512__Er0_Dr2_k16_ep16_20251130-051124__k16,329,16,0.3966566189697809,5,1.0,1.2870861291885376,0.8115718960762024,0.8826553225517273,3.4058845043182373
bsae_512_2048_512__Er0_Dr2_k16_ep16_20251130-051124__k16,1151,16,0.3966566189697809,5,0.6,0.5678566098213196,0.5408669114112854,0.9215680360794067,0.9441297650337219
bsae_512_2048_512__Er0_Dr2_k16_ep16_20251130-051124__k16,1809,16,0.3966566189697809,5,0.4,0.37772560119628906,0.39304226636886597,0.39904898405075073,0.42618298530578613
bsae_512_2048_512__Er0_Dr2_k16_ep16_20251130-051124__k16,1857,16,0.3966566189697809,5,0.0,0.11693229526281357,0.16128996014595032,0.1824253499507904,0.37487292289733887
bsae_512_2048_512__Er0_Dr2_k16_ep16_20251130-051124__k16,930,16,0.3966566189697809,5,0.0,-0.28550538420677185,-0.32543450593948364,-0.22898666560649872,0.1841541826725006
bsae_512_2048_512__Er0_Dr2_k16_ep16_20251130-051124__k16,723,16,0.3966566189697809,5,0.4,0.550334632396698,0.3922051787376404,1.1525262594223022,1.2730274200439453
bsae_512_2048_512__Er0_Dr2_k16_ep16_20251130-051124__k16,1381,16,0.3966566189697809,5,1.0,0.9472818374633789,0.9055145382881165,1.0728447437286377,1.0747005939483643
bsae_512_2048_512__Er0_Dr2_k16_ep16_20251130-051124__k16,717,16,0.3966566189697809,5,0.0,-0.04049711674451828,-0.0865819901227951,-0.03552835062146187,0.22082015872001648
bsae_512_2048_512__Er0_Dr2_k16_ep16_20251130-051124__k16,645,16,0.3966566189697809,5,1.0,0.7525460124015808,0.728588342666626,0.824574887752533,0.989642858505249
bsae_512_2048_512__Er0_Dr2_k16_ep16_20251130-051124__k16,819,16,0.3966566189697809,5,0.0,-0.139854297041893,-0.053945016115903854,-0.019023947417736053,0.010096989572048187
bsae_512_2048_512__Er0_Dr2_k16_ep16_20251130-051124__k16,229,16,0.3966566189697809,5,0.0,-0.14031198620796204,-0.18437549471855164,-0.05829620361328125,-0.025284066796302795
bsae_512_2048_512__Er0_Dr2_k16_ep16_20251130-051124__k16,6,16,0.3966566189697809,5,1.0,2.15596079826355,2.4305241107940674,2.6822493076324463,2.936160087585449
bsae_512_2048_512__Er0_Dr2_k16_ep16_20251130-051124__k16,888,16,0.3966566189697809,5,0.2,0.1682777851819992,0.1029193177819252,0.323498010635376,0.7354806065559387
bsae_512_2048_512__Er0_Dr2_k16_ep16_20251130-051124__k16,1786,16,0.3966566189697809,5,0.0,0.00832765270024538,0.10507617145776749,0.22944402694702148,0.24693799018859863
bsae_512_2048_512__Er0_Dr2_k16_ep16_20251130-051124__k16,1655,16,0.3966566189697809,5,0.2,0.3649601638317108,0.2076875865459442,0.3223027288913727,1.2080730199813843
bsae_512_2048_512__Er0_Dr2_k16_ep16_20251130-051124__k16,1672,16,0.3966566189697809,5,0.2,0.32005971670150757,0.28584328293800354,0.3962348997592926,0.5347498655319214
bsae_512_2048_512__Er0_Dr2_k16_ep16_20251130-051124__k16,1252,16,0.3966566189697809,5,0.2,0.3075447082519531,0.29709920287132263,0.3779580295085907,0.4948502480983734
bsae_512_2048_512__Er0_Dr2_k16_ep16_20251130-051124__k16,251,16,0.3966566189697809,5,0.8,0.6498843431472778,0.9573434591293335,0.9887228012084961,1.1939860582351685
bsae_512_2048_512__Er0_Dr2_k16_ep16_20251130-051124__k16,1382,16,0.3966566189697809,5,1.0,3.417961835861206,3.842438220977783,4.065823078155518,4.241796493530273
bsae_512_2048_512__Er0_Dr2_k16_ep16_20251130-051124__k16,1430,16,0.3966566189697809,5,0.6,0.7884635925292969,0.48826566338539124,1.3154884576797485,1.5758154392242432
bsae_512_2048_512__Er0_Dr2_k16_ep16_20251130-051124__k16,123,16,0.3966566189697809,5,1.0,1.3574367761611938,1.4060264825820923,1.8675529956817627,1.8699454069137573
bsae_512_2048_512__Er0_Dr2_k16_ep16_20251130-051124__k16,154,16,0.3966566189697809,5,0.4,0.11244575679302216,0.07139074802398682,0.6119760274887085,0.6504535675048828
bsae_512_2048_512__Er0_Dr2_k16_ep16_20251130-051124__k16,999,16,0.3966566189697809,5,0.0,0.1081007719039917,0.14681851863861084,0.15557986497879028,0.2792873978614807
bsae_512_2048_512__Er0_Dr2_k16_ep16_20251130-051124__k16,1520,16,0.3966566189697809,5,0.2,0.0945277065038681,0.0789174735546112,0.2444920837879181,0.45537176728248596
bsae_512_2048_512__Er0_Dr2_k16_ep16_20251130-051124__k16,1667,16,0.3966566189697809,5,1.0,2.2859411239624023,2.5404276847839355,2.5660548210144043,2.6574535369873047
bsae_512_2048_512__Er0_Dr2_k16_ep16_20251130-051124__k16,1267,16,0.3966566189697809,5,0.4,0.5079677104949951,0.12147326022386551,1.3490464687347412,1.5999462604522705
bsae_512_2048_512__Er0_Dr2_k16_ep16_20251130-051124__k16,1099,16,0.3966566189697809,5,0.2,0.17163176834583282,-0.010638657957315445,0.36312174797058105,0.8187736868858337
bsae_512_2048_512__Er0_Dr2_k16_ep16_20251130-051124__k16,1548,16,0.3966566189697809,5,1.0,1.242808222770691,1.4309757947921753,1.6090025901794434,2.1958932876586914
bsae_512_2048_512__Er0_Dr2_k16_ep16_20251130-051124__k16,1599,16,0.3966566189697809,5,0.4,0.35006219148635864,0.3428305983543396,0.41858890652656555,0.4885786473751068
bsae_512_2048_512__Er0_Dr2_k16_ep16_20251130-051124__k16,1001,16,0.3966566189697809,5,0.6,0.4501528739929199,0.40989306569099426,0.526533842086792,1.102668046951294
bsae_512_2048_512__Er0_Dr2_k16_ep16_20251130-051124__k16,330,16,0.3966566189697809,5,1.0,3.3829147815704346,3.711411952972412,4.573978900909424,4.6499924659729
bsae_512_2048_512__Er0_Dr2_k16_ep16_20251130-051124__k16,353,16,0.3966566189697809,5,1.0,1.2129356861114502,1.0049536228179932,1.0646004676818848,2.2018909454345703
bsae_512_2048_512__Er0_Dr2_k16_ep16_20251130-051124__k16,1247,16,0.3966566189697809,5,0.8,1.0206775665283203,1.0822291374206543,1.3379650115966797,1.40181303024292
bsae_512_2048_512__Er0_Dr2_k16_ep16_20251130-051124__k16,293,16,0.3966566189697809,5,1.0,0.6812018156051636,0.6929807066917419,0.7875208854675293,0.802627682685852
bsae_512_2048_512__Er0_Dr2_k16_ep16_20251130-051124__k16,1530,16,0.3966566189697809,5,0.0,0.10401275008916855,0.09065240621566772,0.17647548019886017,0.2570474147796631
bsae_512_2048_512__Er0_Dr2_k16_ep16_20251130-051124__k16,563,16,0.3966566189697809,5,1.0,1.0429919958114624,0.8290706872940063,0.8485747575759888,2.506803035736084
bsae_512_2048_512__Er0_Dr2_k16_ep16_20251130-051124__k16,459,16,0.3966566189697809,5,1.0,2.8997886180877686,2.8905389308929443,2.9162845611572266,3.0345959663391113
bsae_512_2048_512__Er0_Dr2_k16_ep16_20251130-051124__k16,164,16,0.3966566189697809,5,0.2,-0.15081867575645447,-0.3249881863594055,-0.32088184356689453,0.8237296938896179
bsae_512_2048_512__Er0_Dr2_k16_ep16_20251130-051124__k16,692,16,0.3966566189697809,5,1.0,1.195726990699768,1.2006899118423462,1.2322975397109985,1.2450196743011475
bsae_512_2048_512__Er0_Dr2_k16_ep16_20251130-051124__k16,261,16,0.3966566189697809,5,1.0,1.0543485879898071,1.0588321685791016,1.1107194423675537,1.579832673072815
bsae_512_2048_512__Er0_Dr2_k16_ep16_20251130-051124__k16,147,16,0.3966566189697809,5,0.4,0.2753583788871765,0.25180912017822266,0.4186750054359436,0.48223769664764404
bsae_512_2048_512__Er0_Dr2_k16_ep16_20251130-051124__k16,1658,16,0.3966566189697809,5,1.0,1.2069931030273438,0.8003477454185486,1.2982230186462402,2.6907622814178467
bsae_512_2048_512__Er0_Dr2_k16_ep16_20251130-051124__k16,461,16,0.3966566189697809,5,1.0,1.9684257507324219,1.0459043979644775,3.5228960514068604,3.6343629360198975
bsae_512_2048_512__Er0_Dr2_k16_ep16_20251130-051124__k16,1249,16,0.3966566189697809,5,1.0,1.3461389541625977,1.152702808380127,1.4804565906524658,1.8821780681610107
bsae_512_2048_512__Er0_Dr2_k16_ep16_20251130-051124__k16,1371,16,0.3966566189697809,5,0.8,0.9406889081001282,0.9450255632400513,1.2847874164581299,1.7851207256317139
bsae_512_2048_512__Er0_Dr2_k16_ep16_20251130-051124__k16,1901,16,0.3966566189697809,5,0.8,0.5573211908340454,0.5147436261177063,0.6222518086433411,0.8356636166572571
bsae_512_2048_512__Er0_Dr2_k16_ep16_20251130-051124__k16,1770,16,0.3966566189697809,5,0.0,-0.4108719825744629,-0.44095736742019653,-0.44015392661094666,0.001201130449771881
bsae_512_2048_512__Er0_Dr2_k16_ep16_20251130-051124__k16,1168,16,0.3966566189697809,5,0.2,0.0542680025100708,-0.283590167760849,-0.0027038082480430603,1.6591297388076782
bsae_512_2048_512__Er0_Dr2_k16_ep16_20251130-051124__k16,1185,16,0.3966566189697809,5,1.0,1.4153474569320679,1.3816184997558594,1.4523025751113892,1.8203628063201904
bsae_512_2048_512__Er0_Dr2_k16_ep16_20251130-051124__k16,1883,16,0.3966566189697809,5,0.4,0.13885697722434998,0.03197186440229416,0.41474780440330505,0.44441577792167664
bsae_512_2048_512__Er0_Dr2_k16_ep16_20251130-051124__k16,931,16,0.3966566189697809,5,0.0,-0.0109954122453928,-0.04857982322573662,0.11083675175905228,0.34039774537086487
bsae_512_2048_512__Er0_Dr2_k16_ep16_20251130-051124__k16,772,16,0.3966566189697809,5,0.8,0.9672640562057495,0.855250358581543,1.4366649389266968,1.6176648139953613
bsae_512_2048_512__Er0_Dr2_k16_ep16_20251130-051124__k16,1843,16,0.3966566189697809,5,0.2,0.21827301383018494,0.23527798056602478,0.31655266880989075,0.6151022911071777
bsae_512_2048_512__Er0_Dr2_k16_ep16_20251130-051124__k16,1016,16,0.3966566189697809,5,0.4,0.5506908893585205,0.3224160373210907,1.1132782697677612,1.454168438911438
bsae_512_2048_512__Er0_Dr2_k16_ep16_20251130-051124__k16,1769,16,0.3966566189697809,5,0.4,0.6777337789535522,0.3376156985759735,1.390902042388916,1.414664387702942
bsae_512_2048_512__Er0_Dr2_k16_ep16_20251130-051124__k16,1495,16,0.3966566189697809,5,0.8,1.5134795904159546,1.7781994342803955,2.1378421783447266,2.378638505935669
bsae_512_2048_512__Er0_Dr2_k16_ep16_20251130-051124__k16,31,16,0.3966566189697809,5,0.8,0.9127257466316223,0.9668185710906982,1.3673045635223389,1.73018479347229
bsae_512_2048_512__Er0_Dr2_k16_ep16_20251130-051124__k16,401,16,0.3966566189697809,5,1.0,1.9102786779403687,1.908868432044983,1.998018741607666,2.1702687740325928
bsae_512_2048_512__Er0_Dr2_k16_ep16_20251130-051124__k16,1213,16,0.3966566189697809,5,0.0,0.03156604617834091,0.08851371705532074,0.11460591852664948,0.1760307103395462
bsae_512_2048_512__Er0_Dr2_k16_ep16_20251130-051124__k16,1966,16,0.3966566189697809,5,1.0,3.4532504081726074,3.138254165649414,4.330743789672852,5.617395877838135
bsae_512_2048_512__Er0_Dr2_k16_ep16_20251130-051124__k16,1275,16,0.3966566189697809,5,0.2,-0.0068183960393071175,-0.03624908626079559,-0.0360901802778244,0.43601807951927185
bsae_512_2048_512__Er0_Dr2_k16_ep16_20251130-051124__k16,1963,16,0.3966566189697809,5,0.0,-0.029127050191164017,-0.0058785974979400635,0.0668068677186966,0.23636622726917267
bsae_512_2048_512__Er0_Dr2_k16_ep16_20251130-051124__k16,1234,16,0.3966566189697809,5,0.4,0.48417234420776367,0.26834094524383545,0.6412147879600525,1.7908239364624023
bsae_512_2048_512__Er0_Dr2_k16_ep16_20251130-051124__k16,64,16,0.3966566189697809,5,0.2,0.1207541674375534,-0.00817505270242691,0.1190042793750763,0.6944432854652405
bsae_512_2048_512__Er0_Dr2_k16_ep16_20251130-051124__k16,2022,16,0.3966566189697809,5,0.0,-0.2996692657470703,-0.28970521688461304,-0.28519171476364136,-0.28181931376457214
bsae_512_2048_512__Er0_Dr2_k16_ep16_20251130-051124__k16,259,16,0.3966566189697809,5,0.4,0.6581625938415527,0.22185972332954407,1.263741135597229,1.8892652988433838
bsae_512_2048_512__Er0_Dr2_k16_ep16_20251130-051124__k16,1647,16,0.3966566189697809,5,1.0,1.9876781702041626,2.282480478286743,2.790778398513794,3.03903865814209
bsae_512_2048_512__Er0_Dr2_k16_ep16_20251130-051124__k16,12,16,0.3966566189697809,5,1.0,2.049004077911377,2.0164167881011963,2.295884847640991,2.6829378604888916
bsae_512_2048_512__Er0_Dr2_k16_ep16_20251130-051124__k16,876,16,0.3966566189697809,5,1.0,1.4448440074920654,1.6458251476287842,1.767853021621704,1.7962594032287598
bsae_512_2048_512__Er0_Dr2_k16_ep16_20251130-051124__k16,280,16,0.3966566189697809,5,0.0,0.03933551162481308,0.016757983714342117,0.08621115982532501,0.36163443326950073
bsae_512_2048_512__Er0_Dr2_k16_ep16_20251130-051124__k16,1360,16,0.3966566189697809,5,0.2,0.3255508244037628,0.3016798794269562,0.3549038767814636,0.4542298913002014
bsae_512_2048_512__Er0_Dr2_k16_ep16_20251130-051124__k16,464,16,0.3966566189697809,5,0.6,0.7007895112037659,0.9395623803138733,1.2184032201766968,1.5396569967269897
bsae_512_2048_512__Er0_Dr2_k16_ep16_20251130-051124__k16,1056,16,0.3966566189697809,5,0.4,0.413100004196167,0.3214449882507324,0.6025569438934326,0.8814744353294373
bsae_512_2048_512__Er0_Dr2_k16_ep16_20251130-051124__k16,1114,16,0.3966566189697809,5,0.6,0.8042790293693542,0.4070890545845032,0.7374813556671143,2.5648727416992188
bsae_512_2048_512__Er0_Dr2_k16_ep16_20251130-051124__k16,1208,16,0.3966566189697809,5,0.6,0.8424246907234192,0.8520007133483887,1.412916898727417,1.6208086013793945
bsae_512_2048_512__Er0_Dr2_k16_ep16_20251130-051124__k16,1718,16,0.3966566189697809,5,0.4,0.22562041878700256,0.014272980391979218,0.4435510039329529,0.8477615714073181
bsae_512_2048_512__Er0_Dr2_k16_ep16_20251130-051124__k16,715,16,0.3966566189697809,5,0.0,-0.48896780610084534,-0.5749145150184631,-0.35480865836143494,-0.3133279085159302
bsae_512_2048_512__Er0_Dr2_k16_ep16_20251130-051124__k16,578,16,0.3966566189697809,5,0.6,0.4867169260978699,0.7452859878540039,0.7853752374649048,0.7877274751663208
bsae_512_2048_512__Er0_Dr2_k16_ep16_20251130-051124__k16,1875,16,0.3966566189697809,5,0.8,0.678657054901123,0.5051524639129639,1.0217474699020386,1.4042549133300781
bsae_512_2048_512__Er0_Dr2_k16_ep16_20251130-051124__k16,1758,16,0.3966566189697809,5,1.0,0.8833680152893066,0.8728522062301636,0.9510535001754761,0.9639541506767273
bsae_512_2048_512__Er0_Dr2_k16_ep16_20251130-051124__k16,822,16,0.3966566189697809,5,0.0,-0.18039020895957947,-0.23593488335609436,-0.1959577202796936,0.12628832459449768
bsae_512_2048_512__Er0_Dr2_k16_ep16_20251130-051124__k16,1212,16,0.3966566189697809,5,0.8,0.5164220333099365,0.566510796546936,0.5714393258094788,0.602587103843689
bsae_512_2048_512__Er0_Dr2_k16_ep16_20251130-051124__k16,1014,16,0.3966566189697809,5,0.4,0.2126445472240448,0.3450411558151245,0.39833053946495056,0.5424145460128784
bsae_512_2048_512__Er0_Dr2_k16_ep16_20251130-051124__k16,1900,16,0.3966566189697809,5,1.0,0.7677270770072937,0.7429741621017456,0.7481392621994019,0.9444076418876648
bsae_512_2048_512__Er0_Dr2_k16_ep16_20251130-051124__k16,813,16,0.3966566189697809,5,0.8,1.6501693725585938,1.9652539491653442,2.0086824893951416,2.606945753097534
bsae_512_2048_512__Er0_Dr2_k16_ep16_20251130-051124__k16,1024,16,0.3966566189697809,5,0.2,0.22797651588916779,0.16987140476703644,0.22554583847522736,0.6591206789016724
bsae_512_2048_512__Er0_Dr2_k16_ep16_20251130-051124__k16,333,16,0.3966566189697809,5,0.8,0.4483722150325775,0.538901150226593,0.709182858467102,0.7193500399589539
bsae_512_2048_512__Er0_Dr2_k16_ep16_20251130-051124__k16,1811,16,0.3966566189697809,5,1.0,1.8152236938476562,1.5275297164916992,2.4075117111206055,2.9814486503601074
bsae_512_2048_512__Er0_Dr2_k16_ep16_20251130-051124__k16,1103,16,0.3966566189697809,5,0.0,-0.12939123809337616,-0.09949061274528503,0.046030446887016296,0.08393439650535583
bsae_512_2048_512__Er0_Dr2_k16_ep16_20251130-051124__k16,252,16,0.3966566189697809,5,0.8,1.237863302230835,1.2285704612731934,1.6930105686187744,1.9656894207000732
bsae_512_2048_512__Er0_Dr2_k16_ep16_20251130-051124__k16,1035,16,0.3966566189697809,5,0.0,-0.3216225504875183,-0.22413694858551025,-0.17520025372505188,0.22613638639450073
bsae_512_2048_512__Er0_Dr2_k16_ep16_20251130-051124__k16,702,16,0.3966566189697809,5,1.0,1.8198602199554443,1.675276756286621,1.6945500373840332,2.421229362487793
bsae_512_2048_512__Er0_Dr2_k16_ep16_20251130-051124__k16,526,16,0.3966566189697809,5,1.0,2.1114397048950195,2.1544079780578613,2.156083106994629,2.6930737495422363
bsae_512_2048_512__Er0_Dr2_k16_ep16_20251130-051124__k16,1534,16,0.3966566189697809,5,0.0,0.0012970626121386886,-0.04678408056497574,0.07371848076581955,0.16084063053131104
bsae_512_2048_512__Er0_Dr2_k16_ep16_20251130-051124__k16,662,16,0.3966566189697809,5,0.0,-0.2373163402080536,-0.27735158801078796,-0.16248023509979248,-0.02439388632774353
bsae_512_2048_512__Er0_Dr2_k16_ep16_20251130-051124__k16,857,16,0.3966566189697809,5,0.4,0.46542996168136597,-0.09550201147794724,1.2449676990509033,1.519904613494873
bsae_512_2048_512__Er0_Dr2_k16_ep16_20251130-051124__k16,1842,16,0.3966566189697809,5,0.8,0.5229553580284119,0.4973438084125519,0.5665721893310547,0.7719409465789795
bsae_512_2048_512__Er0_Dr2_k16_ep16_20251130-051124__k16,1804,16,0.3966566189697809,5,0.0,-0.22567009925842285,-0.16526228189468384,-0.15108829736709595,-0.1414899230003357
bsae_512_2048_512__Er0_Dr2_k16_ep16_20251130-051124__k16,167,16,0.3966566189697809,5,0.2,-0.12256906181573868,-0.2629302144050598,0.0888950377702713,0.6016871929168701
bsae_512_2048_512__Er0_Dr2_k16_ep16_20251130-051124__k16,1464,16,0.3966566189697809,5,0.4,0.3757926821708679,0.3710334300994873,0.4212540090084076,0.4258860945701599
bsae_512_2048_512__Er0_Dr2_k16_ep16_20251130-051124__k16,733,16,0.3966566189697809,5,0.4,0.9178673028945923,0.17972725629806519,1.2801228761672974,3.5759918689727783
bsae_512_2048_512__Er0_Dr2_k16_ep16_20251130-051124__k16,65,16,0.3966566189697809,5,0.4,0.3790046274662018,0.2926788330078125,0.5176368355751038,0.6691799163818359
bsae_512_2048_512__Er0_Dr2_k16_ep16_20251130-051124__k16,35,16,0.3966566189697809,5,0.2,0.4535103738307953,0.10134129971265793,0.3292023539543152,1.7402305603027344
bsae_512_2048_512__Er0_Dr2_k16_ep16_20251130-051124__k16,1090,16,0.3966566189697809,5,0.2,0.038501739501953125,-0.04125875234603882,0.3769354522228241,0.5873837471008301
bsae_512_2048_512__Er0_Dr2_k16_ep16_20251130-051124__k16,1986,16,0.3966566189697809,5,0.0,-0.5774344205856323,-0.5787707567214966,-0.47212719917297363,-0.29030364751815796
bsae_512_2048_512__Er0_Dr2_k16_ep16_20251130-051124__k16,610,16,0.3966566189697809,5,0.6,0.7677662968635559,0.686670184135437,0.9809216260910034,1.9327772855758667
bsae_512_2048_512__Er0_Dr2_k16_ep16_20251130-051124__k16,94,16,0.3966566189697809,5,1.0,1.6605287790298462,1.5331937074661255,2.1961071491241455,2.9420838356018066
bsae_512_2048_512__Er0_Dr2_k16_ep16_20251130-051124__k16,178,16,0.3966566189697809,5,0.0,-0.3652053475379944,-0.5787374973297119,-0.19285893440246582,0.3627379536628723
bsae_512_2048_512__Er0_Dr2_k16_ep16_20251130-051124__k16,973,16,0.3966566189697809,5,0.4,0.22800703346729279,0.08614678680896759,0.44889235496520996,1.0565359592437744
bsae_512_2048_512__Er0_Dr2_k16_ep16_20251130-051124__k16,1373,16,0.3966566189697809,5,1.0,1.4561699628829956,1.2312655448913574,1.49178946018219,2.200892210006714
bsae_512_2048_512__Er0_Dr2_k16_ep16_20251130-051124__k16,550,16,0.3966566189697809,5,0.0,-0.22709038853645325,-0.19626235961914062,-0.18471011519432068,-0.11692510545253754
bsae_512_2048_512__Er0_Dr2_k16_ep16_20251130-051124__k16,1030,16,0.3966566189697809,5,0.0,0.05581225827336311,0.027323171496391296,0.14444191753864288,0.17932091653347015
bsae_512_2048_512__Er0_Dr2_k16_ep16_20251130-051124__k16,1778,16,0.3966566189697809,5,1.0,0.6840589642524719,0.6773372888565063,0.7371768951416016,0.7789082527160645
bsae_512_2048_512__Er0_Dr2_k16_ep16_20251130-051124__k16,189,16,0.3966566189697809,5,0.2,0.24820558726787567,0.30156612396240234,0.3238021731376648,0.5949274301528931
bsae_512_2048_512__Er0_Dr2_k16_ep16_20251130-051124__k16,1661,16,0.3966566189697809,5,0.2,0.17055992782115936,0.2015615999698639,0.3243458569049835,0.4556925296783447
bsae_512_2048_512__Er0_Dr2_k16_ep16_20251130-051124__k16,1480,16,0.3966566189697809,5,0.0,0.06028269603848457,0.05529208481311798,0.14725857973098755,0.17722034454345703
bsae_512_2048_512__Er0_Dr2_k16_ep16_20251130-051124__k16,1429,16,0.3966566189697809,5,0.2,-0.1301545649766922,-0.24156269431114197,-0.14461790025234222,0.4189718961715698
bsae_512_2048_512__Er0_Dr2_k16_ep16_20251130-051124__k16,2028,16,0.3966566189697809,5,0.0,0.15775863826274872,0.21762344241142273,0.30420511960983276,0.388426810503006
bsae_512_2048_512__Er0_Dr2_k16_ep16_20251130-051124__k16,1412,16,0.3966566189697809,5,0.0,0.14537964761257172,0.2588648796081543,0.2589748501777649,0.2590215802192688
bsae_512_2048_512__Er0_Dr2_k16_ep16_20251130-051124__k16,1081,16,0.3966566189697809,5,0.0,-0.11216910183429718,-0.11930467188358307,-0.10087910294532776,0.32252979278564453
bsae_512_2048_512__Er0_Dr2_k16_ep16_20251130-051124__k16,1821,16,0.3966566189697809,5,0.0,-0.5263965129852295,-0.4569563865661621,-0.4213410019874573,-0.40169739723205566
bsae_512_2048_512__Er0_Dr2_k16_ep16_20251130-051124__k16,1995,16,0.3966566189697809,5,0.8,1.3135507106781006,1.3568757772445679,1.6034736633300781,2.332927703857422
bsae_512_2048_512__Er0_Dr2_k16_ep16_20251130-051124__k16,487,16,0.3966566189697809,5,0.2,0.12022199481725693,0.025131940841674805,0.08637209236621857,0.598690927028656
bsae_512_2048_512__Er0_Dr2_k16_ep16_20251130-051124__k16,1457,16,0.3966566189697809,5,0.2,-0.0021636425517499447,-0.08711376786231995,0.1998353898525238,0.5195387601852417
bsae_512_2048_512__Er0_Dr2_k16_ep16_20251130-051124__k16,916,16,0.3966566189697809,5,0.0,0.04822440817952156,0.1212865561246872,0.21602840721607208,0.3710537552833557
bsae_512_2048_512__Er0_Dr2_k16_ep16_20251130-051124__k16,1911,16,0.3966566189697809,5,0.8,1.8133220672607422,2.5693514347076416,2.6982908248901367,3.067580223083496
bsae_512_2048_512__Er0_Dr2_k16_ep16_20251130-051124__k16,1919,16,0.3966566189697809,5,0.4,0.702323317527771,0.06707070767879486,1.4156763553619385,2.159891128540039
bsae_512_2048_512__Er0_Dr2_k16_ep16_20251130-051124__k16,1174,16,0.3966566189697809,5,0.4,0.033133916556835175,-0.0547613650560379,0.4548214375972748,0.5549314022064209
bsae_512_2048_512__Er0_Dr2_k16_ep16_20251130-051124__k16,506,16,0.3966566189697809,5,0.8,0.6277099251747131,0.7992727160453796,0.8563934564590454,1.0554747581481934
bsae_512_2048_512__Er0_Dr2_k16_ep16_20251130-051124__k16,1119,16,0.3966566189697809,5,0.0,-0.007939576171338558,-0.009206426329910755,0.07732613384723663,0.1428469717502594
bsae_512_2048_512__Er0_Dr2_k16_ep16_20251130-051124__k16,1754,16,0.3966566189697809,5,1.0,1.1531341075897217,1.1176915168762207,1.3653366565704346,1.8681658506393433
bsae_512_2048_512__Er0_Dr2_k16_ep16_20251130-051124__k16,420,16,0.3966566189697809,5,0.6,0.7447023987770081,0.977411687374115,1.3396273851394653,1.3584798574447632
bsae_512_2048_512__Er0_Dr2_k16_ep16_20251130-051124__k16,2031,16,0.3966566189697809,5,0.2,0.5410192608833313,0.23704306781291962,0.23862119019031525,2.1485464572906494
bsae_512_2048_512__Er0_Dr2_k16_ep16_20251130-051124__k16,1593,16,0.3966566189697809,5,0.4,0.5388048887252808,0.37876057624816895,0.4140109419822693,1.55239737033844
bsae_512_2048_512__Er0_Dr2_k16_ep16_20251130-051124__k16,1861,16,0.3966566189697809,5,0.6,1.0122787952423096,1.045102834701538,1.1138105392456055,2.91287899017334
bsae_512_2048_512__Er0_Dr2_k16_ep16_20251130-051124__k16,919,16,0.3966566189697809,5,0.8,0.814487099647522,0.5893075466156006,1.0816540718078613,1.5171629190444946
bsae_512_2048_512__Er0_Dr2_k16_ep16_20251130-051124__k16,51,16,0.3966566189697809,5,1.0,0.7000188827514648,0.7011715769767761,0.7573155164718628,0.9633705019950867
bsae_512_2048_512__Er0_Dr2_k16_ep16_20251130-051124__k16,1478,16,0.3966566189697809,5,1.0,1.0765339136123657,1.0108312368392944,1.0930942296981812,2.079930543899536
bsae_512_2048_512__Er0_Dr2_k16_ep16_20251130-051124__k16,680,16,0.3966566189697809,5,0.4,0.6309741139411926,0.22151052951812744,0.9917126297950745,1.543811559677124
bsae_512_2048_512__Er0_Dr2_k16_ep16_20251130-051124__k16,1824,16,0.3966566189697809,5,1.0,0.7662134766578674,0.7269150614738464,0.8471567034721375,0.8499556183815002
bsae_512_2048_512__Er0_Dr2_k16_ep16_20251130-051124__k16,543,16,0.3966566189697809,5,0.0,0.12677475810050964,0.13159237802028656,0.2583606243133545,0.35543492436408997
bsae_512_2048_512__Er0_Dr2_k16_ep16_20251130-051124__k16,108,16,0.3966566189697809,5,0.6,0.9152629971504211,0.748514711856842,0.9463265538215637,2.6475846767425537
bsae_512_2048_512__Er0_Dr2_k16_ep16_20251130-051124__k16,1363,16,0.3966566189697809,5,0.4,0.3288205564022064,0.22826933860778809,0.42531561851501465,0.8903143405914307
bsae_512_2048_512__Er0_Dr2_k16_ep16_20251130-051124__k16,1505,16,0.3966566189697809,5,0.2,0.28736957907676697,0.3405146598815918,0.36720019578933716,0.4807005226612091
bsae_512_2048_512__Er0_Dr2_k16_ep16_20251130-051124__k16,1189,16,0.3966566189697809,5,0.6,0.6313369870185852,0.4179874062538147,0.5102781653404236,2.011730432510376
bsae_512_2048_512__Er0_Dr2_k16_ep16_20251130-051124__k16,90,16,0.3966566189697809,5,0.4,0.2690810263156891,0.03158310428261757,0.39923346042633057,1.005509853363037
bsae_512_2048_512__Er0_Dr2_k16_ep16_20251130-051124__k16,1296,16,0.3966566189697809,5,0.2,-0.1843065619468689,-0.4720131754875183,-0.4415620267391205,1.168713092803955
bsae_512_2048_512__Er0_Dr2_k16_ep16_20251130-051124__k16,874,16,0.3966566189697809,5,0.0,-0.13063356280326843,-0.23056110739707947,-0.16184602677822113,0.3502567708492279
bsae_512_2048_512__Er0_Dr2_k16_ep16_20251130-051124__k16,582,16,0.3966566189697809,5,0.0,-0.2521333396434784,-0.26881906390190125,-0.1640879511833191,0.19687345623970032
bsae_512_2048_512__Er0_Dr2_k16_ep16_20251130-051124__k16,1244,16,0.3966566189697809,5,0.8,0.7308646440505981,0.6737128496170044,0.7296006679534912,1.3747496604919434
bsae_512_2048_512__Er0_Dr2_k16_ep16_20251130-051124__k16,855,16,0.3966566189697809,5,0.6,0.632354199886322,0.6658766269683838,1.1467803716659546,1.2393393516540527
bsae_512_2048_512__Er0_Dr2_k16_ep16_20251130-051124__k16,1186,16,0.3966566189697809,5,0.0,0.11274778842926025,0.19799676537513733,0.2545105516910553,0.2549705505371094
bsae_512_2048_512__Er0_Dr2_k16_ep16_20251130-051124__k16,85,16,0.3966566189697809,5,0.8,1.129871129989624,0.8577812910079956,1.1314430236816406,2.508394956588745
bsae_512_2048_512__Er0_Dr2_k16_ep16_20251130-051124__k16,1652,16,0.3966566189697809,5,0.6,1.1518915891647339,0.9898982644081116,1.0123409032821655,3.1765904426574707
bsae_512_2048_512__Er0_Dr2_k16_ep16_20251130-051124__k16,1996,16,0.3966566189697809,5,0.4,0.8104692697525024,0.1769859790802002,0.7377611398696899,3.1487038135528564
bsae_512_2048_512__Er0_Dr2_k16_ep16_20251130-051124__k16,509,16,0.3966566189697809,5,0.6,0.5251250863075256,0.4781673550605774,0.9145404100418091,1.0466233491897583
bsae_512_2048_512__Er0_Dr2_k16_ep16_20251130-051124__k16,265,16,0.3966566189697809,5,0.0,-0.19046296179294586,-0.16066604852676392,-0.12400761246681213,-0.06964155286550522
bsae_512_2048_512__Er0_Dr2_k16_ep16_20251130-051124__k16,1696,16,0.3966566189697809,5,0.2,-0.1176658645272255,-0.2920246422290802,-0.09179003536701202,0.5777477025985718
bsae_512_2048_512__Er0_Dr2_k16_ep16_20251130-051124__k16,492,16,0.3966566189697809,5,0.2,-0.08542361110448837,-0.16972704231739044,-0.15130282938480377,0.4272363781929016
bsae_512_2048_512__Er0_Dr2_k16_ep16_20251130-051124__k16,138,16,0.3966566189697809,5,0.2,0.10725231468677521,0.05316248536109924,0.26810818910598755,0.5768630504608154
bsae_512_2048_512__Er0_Dr2_k16_ep16_20251130-051124__k16,1994,16,0.3966566189697809,5,0.2,0.26658156514167786,0.1935577541589737,0.35040438175201416,0.5488927364349365
bsae_512_2048_512__Er0_Dr2_k16_ep16_20251130-051124__k16,1153,16,0.3966566189697809,5,1.0,1.1639248132705688,1.110448956489563,1.1822091341018677,1.6346689462661743
bsae_512_2048_512__Er0_Dr2_k16_ep16_20251130-051124__k16,1402,16,0.3966566189697809,5,0.4,0.3738912045955658,0.1926862895488739,0.5016420483589172,1.0762443542480469
bsae_512_2048_512__Er0_Dr2_k16_ep16_20251130-051124__k16,271,16,0.3966566189697809,5,0.0,0.07086759805679321,0.030155284330248833,0.16032403707504272,0.22548122704029083
bsae_512_2048_512__Er0_Dr2_k16_ep16_20251130-051124__k16,1107,16,0.3966566189697809,5,1.0,1.8474109172821045,1.85799241065979,1.8838965892791748,2.0275447368621826
bsae_512_2048_512__Er0_Dr2_k16_ep16_20251130-051124__k16,1615,16,0.3966566189697809,5,0.4,0.9950019121170044,0.30808502435684204,1.8937450647354126,2.5236499309539795
bsae_512_2048_512__Er0_Dr2_k16_ep16_20251130-051124__k16,165,16,0.3966566189697809,5,1.0,0.6491773724555969,0.6072916388511658,0.7270235419273376,0.9891589283943176
bsae_512_2048_512__Er0_Dr2_k16_ep16_20251130-051124__k16,1253,16,0.3966566189697809,5,0.4,0.26189208030700684,0.21743720769882202,0.5761775970458984,0.695141077041626
bsae_512_2048_512__Er0_Dr2_k16_ep16_20251130-051124__k16,208,16,0.3966566189697809,5,1.0,0.6398723721504211,0.5890898108482361,0.6484832763671875,0.8506510853767395
bsae_512_2048_512__Er0_Dr2_k16_ep16_20251130-051124__k16,801,16,0.3966566189697809,5,0.0,-0.5847226977348328,-0.5149214863777161,-0.4557870030403137,-0.3766292333602905
bsae_512_2048_512__Er0_Dr2_k16_ep16_20251130-051124__k16,256,16,0.3966566189697809,5,1.0,0.9320906400680542,0.8835209012031555,0.9554052352905273,1.0918828248977661
bsae_512_2048_512__Er0_Dr2_k16_ep16_20251130-051124__k16,1095,16,0.3966566189697809,5,0.2,0.08921191841363907,0.22023802995681763,0.2778356969356537,0.49560925364494324
bsae_512_2048_512__Er0_Dr2_k16_ep16_20251130-051124__k16,145,16,0.3966566189697809,5,0.4,0.22833356261253357,-0.1326831579208374,0.8196147680282593,0.8499056696891785
bsae_512_2048_512__Er0_Dr2_k16_ep16_20251130-051124__k16,308,16,0.3966566189697809,5,0.2,0.22989633679389954,0.06211321800947189,0.2460169494152069,0.8181580305099487
bsae_512_2048_512__Er0_Dr2_k16_ep16_20251130-051124__k16,1619,16,0.3966566189697809,5,0.0,-0.12863802909851074,-0.15908774733543396,0.0759606808423996,0.2554640769958496
bsae_512_2048_512__Er0_Dr2_k16_ep16_20251130-051124__k16,742,16,0.3966566189697809,5,0.0,-0.26080837845802307,-0.27701765298843384,-0.17752626538276672,-0.026520073413848877
bsae_512_2048_512__Er0_Dr2_k16_ep16_20251130-051124__k16,926,16,0.3966566189697809,5,0.2,0.20044443011283875,0.25577089190483093,0.30188244581222534,0.5431087017059326
bsae_512_2048_512__Er0_Dr2_k16_ep16_20251130-051124__k16,340,16,0.3966566189697809,5,0.0,0.15809795260429382,0.29441046714782715,0.29478001594543457,0.2951433062553406
bsae_512_2048_512__Er0_Dr2_k16_ep16_20251130-051124__k16,418,16,0.3966566189697809,5,0.2,0.38667118549346924,-0.0525907464325428,0.02904675155878067,2.2886173725128174
bsae_512_2048_512__Er0_Dr2_k16_ep16_20251130-051124__k16,1659,16,0.3966566189697809,5,0.8,1.5302717685699463,1.1951318979263306,2.170004367828369,3.6388471126556396
bsae_512_2048_512__Er0_Dr2_k16_ep16_20251130-051124__k16,969,16,0.3966566189697809,5,0.0,0.03504045680165291,0.0633665919303894,0.23166033625602722,0.24255618453025818
bsae_512_2048_512__Er0_Dr2_k16_ep16_20251130-051124__k16,1454,16,0.3966566189697809,5,0.2,0.17333966493606567,0.09664978086948395,0.27181506156921387,0.5926117897033691
bsae_512_2048_512__Er0_Dr2_k16_ep16_20251130-051124__k16,1148,16,0.3966566189697809,5,0.0,-0.17387190461158752,-0.0772043988108635,-0.06255318969488144,-0.046570081263780594
bsae_512_2048_512__Er0_Dr2_k16_ep16_20251130-051124__k16,1270,16,0.3966566189697809,5,0.0,-0.39369338750839233,-0.5184100270271301,-0.26348569989204407,-0.026760563254356384
bsae_512_2048_512__Er0_Dr2_k16_ep16_20251130-051124__k16,1598,16,0.3966566189697809,5,0.0,-0.1042032241821289,-0.08218705654144287,-0.05553311109542847,0.11030779778957367
bsae_512_2048_512__Er0_Dr2_k16_ep16_20251130-051124__k16,1522,16,0.3966566189697809,5,0.2,0.24961963295936584,0.15546342730522156,0.29887306690216064,0.7630820274353027
bsae_512_2048_512__Er0_Dr2_k16_ep16_20251130-051124__k16,1069,16,0.3966566189697809,5,1.0,1.048856496810913,0.8376994729042053,1.2056300640106201,1.7645435333251953
bsae_512_2048_512__Er0_Dr2_k16_ep16_20251130-051124__k16,934,16,0.3966566189697809,5,0.0,0.030593598261475563,0.013119913637638092,0.0899694561958313,0.2552030682563782
bsae_512_2048_512__Er0_Dr2_k16_ep16_20251130-051124__k16,32,16,0.3966566189697809,5,0.2,0.36660152673721313,0.3689613342285156,0.38439035415649414,0.54525226354599
bsae_512_2048_512__Er0_Dr2_k16_ep16_20251130-051124__k16,805,16,0.3966566189697809,5,0.0,-0.4182896614074707,-0.4404836893081665,-0.2459346055984497,-0.17656299471855164
bsae_512_2048_512__Er0_Dr2_k16_ep16_20251130-051124__k16,316,16,0.3966566189697809,5,0.0,-0.5589696168899536,-0.7673457264900208,-0.20947840809822083,-0.030671633780002594
bsae_512_2048_512__Er0_Dr2_k16_ep16_20251130-051124__k16,1025,16,0.3966566189697809,5,1.0,2.501159191131592,2.5182440280914307,2.539533853530884,2.653289794921875
bsae_512_2048_512__Er0_Dr2_k16_ep16_20251130-051124__k16,1167,16,0.3966566189697809,5,0.0,0.024430902674794197,0.06849599629640579,0.12195225805044174,0.1737106442451477
bsae_512_2048_512__Er0_Dr2_k16_ep16_20251130-051124__k16,1170,16,0.3966566189697809,5,0.0,-0.5494517683982849,-0.6563556790351868,-0.47201189398765564,0.020545288920402527
bsae_512_2048_512__Er0_Dr2_k16_ep16_20251130-051124__k16,627,16,0.3966566189697809,5,0.0,-0.05025721341371536,-0.05841933563351631,-0.05767236649990082,-0.018253546208143234
bsae_512_2048_512__Er0_Dr2_k16_ep16_20251130-051124__k16,670,16,0.3966566189697809,5,1.0,1.9938504695892334,2.105961561203003,2.2793617248535156,2.4185848236083984
bsae_512_2048_512__Er0_Dr2_k16_ep16_20251130-051124__k16,677,16,0.3966566189697809,5,1.0,0.7465232610702515,0.6973479986190796,0.7674509882926941,1.308539628982544
bsae_512_2048_512__Er0_Dr2_k16_ep16_20251130-051124__k16,218,16,0.3966566189697809,5,1.0,1.9672136306762695,1.9559701681137085,1.9982737302780151,2.0369505882263184
bsae_512_2048_512__Er0_Dr2_k16_ep16_20251130-051124__k16,1590,16,0.3966566189697809,5,0.6,0.7901607751846313,0.7716268301010132,1.3763357400894165,1.6169381141662598
bsae_512_2048_512__Er0_Dr2_k16_ep16_20251130-051124__k16,752,16,0.3966566189697809,5,0.0,-0.3310210704803467,-0.46281686425209045,-0.22319844365119934,0.17049123346805573
bsae_512_2048_512__Er0_Dr2_k16_ep16_20251130-051124__k16,191,16,0.3966566189697809,5,0.0,-0.17821884155273438,-0.20105795562267303,-0.15003375709056854,0.031023427844047546
bsae_512_2048_512__Er0_Dr2_k16_ep16_20251130-051124__k16,528,16,0.3966566189697809,5,0.8,0.6589438319206238,0.7451821565628052,0.7621691823005676,0.8511619567871094
bsae_512_2048_512__Er0_Dr2_k16_ep16_20251130-051124__k16,149,16,0.3966566189697809,5,0.4,0.32914334535598755,0.285581111907959,0.4664038419723511,0.6436070203781128
bsae_512_2048_512__Er0_Dr2_k16_ep16_20251130-051124__k16,344,16,0.3966566189697809,5,0.4,0.4800797998905182,0.0017247051000595093,0.8544080257415771,1.797900676727295
bsae_512_2048_512__Er0_Dr2_k16_ep16_20251130-051124__k16,698,16,0.3966566189697809,5,1.0,0.6378825306892395,0.6483243107795715,0.6649506688117981,0.7576277256011963
bsae_512_2048_512__Er0_Dr2_k16_ep16_20251130-051124__k16,832,16,0.3966566189697809,5,1.0,0.8103804588317871,0.7848179340362549,0.8845859169960022,0.8927253484725952
bsae_512_2048_512__Er0_Dr2_k16_ep16_20251130-051124__k16,776,16,0.3966566189697809,5,0.2,0.22972789406776428,0.2535090446472168,0.39452648162841797,0.4953441023826599
bsae_512_2048_512__Er0_Dr2_k16_ep16_20251130-051124__k16,40,16,0.3966566189697809,5,1.0,1.044954776763916,0.906194806098938,1.4283777475357056,1.5261868238449097
bsae_512_2048_512__Er0_Dr2_k16_ep16_20251130-051124__k16,1876,16,0.3966566189697809,5,0.2,0.40409770607948303,0.28511983156204224,0.3928626775741577,1.0124038457870483
bsae_512_2048_512__Er0_Dr2_k16_ep16_20251130-051124__k16,1779,16,0.3966566189697809,5,0.6,0.7039207220077515,0.4646187126636505,0.6502217054367065,2.249063491821289
bsae_512_2048_512__Er0_Dr2_k16_ep16_20251130-051124__k16,98,16,0.3966566189697809,5,0.4,0.41944631934165955,0.33976292610168457,0.4747655987739563,1.118849515914917
bsae_512_2048_512__Er0_Dr2_k16_ep16_20251130-051124__k16,227,16,0.3966566189697809,5,1.0,1.1888692378997803,1.0396268367767334,1.045798659324646,2.4302587509155273
bsae_512_2048_512__Er0_Dr2_k16_ep16_20251130-051124__k16,1281,16,0.3966566189697809,5,0.0,-0.34791654348373413,-0.3370305299758911,-0.29741179943084717,-0.1439221054315567
bsae_512_2048_512__Er0_Dr2_k16_ep16_20251130-051124__k16,920,16,0.3966566189697809,5,0.4,0.2019261121749878,-0.027867719531059265,0.46256759762763977,0.7325043678283691
bsae_512_2048_512__Er0_Dr2_k16_ep16_20251130-051124__k16,297,16,0.3966566189697809,5,0.0,0.13332824409008026,0.10141517221927643,0.17076456546783447,0.2845511734485626
bsae_512_2048_512__Er0_Dr2_k16_ep16_20251130-051124__k16,1230,16,0.3966566189697809,5,0.8,0.7673417329788208,0.8325573801994324,0.9653666019439697,1.2910984754562378
bsae_512_2048_512__Er0_Dr2_k16_ep16_20251130-051124__k16,1719,16,0.3966566189697809,5,0.0,-0.30992671847343445,-0.23750406503677368,-0.16553017497062683,0.1707492172718048
bsae_512_2048_512__Er0_Dr2_k16_ep16_20251130-051124__k16,246,16,0.3966566189697809,5,1.0,0.7784733772277832,0.7372829914093018,0.9627493619918823,1.098562479019165
bsae_512_2048_512__Er0_Dr2_k16_ep16_20251130-051124__k16,437,16,0.3966566189697809,5,1.0,0.9642263650894165,0.9470696449279785,0.9756323099136353,1.1775156259536743
bsae_512_2048_512__Er0_Dr2_k16_ep16_20251130-051124__k16,287,16,0.3966566189697809,5,0.6,0.44826793670654297,0.44561225175857544,0.5805256366729736,0.7433881759643555
bsae_512_2048_512__Er0_Dr2_k16_ep16_20251130-051124__k16,1750,16,0.3966566189697809,5,0.4,0.8370252847671509,0.3938080370426178,1.2529222965240479,1.7954115867614746
bsae_512_2048_512__Er0_Dr2_k16_ep16_20251130-051124__k16,284,16,0.3966566189697809,5,1.0,0.7868735790252686,0.9314354062080383,0.9737339615821838,1.068171501159668
bsae_512_2048_512__Er0_Dr2_k16_ep16_20251130-051124__k16,1740,16,0.3966566189697809,5,0.0,-0.11421076953411102,-0.11037105321884155,0.13140563666820526,0.27344828844070435
bsae_512_2048_512__Er0_Dr2_k16_ep16_20251130-051124__k16,13,16,0.3966566189697809,5,1.0,1.0470548868179321,0.7164627909660339,0.9828161001205444,2.182429790496826
bsae_512_2048_512__Er0_Dr2_k16_ep16_20251130-051124__k16,1641,16,0.3966566189697809,5,0.0,-0.6808897256851196,-0.7284740209579468,-0.5190770030021667,-0.41428807377815247
bsae_512_2048_512__Er0_Dr2_k16_ep16_20251130-051124__k16,1459,16,0.3966566189697809,5,0.0,-0.1397261917591095,-0.19154706597328186,-0.1600431352853775,0.10481682419776917
bsae_512_2048_512__Er0_Dr2_k16_ep16_20251130-051124__k16,936,16,0.3966566189697809,5,0.6,0.8739959597587585,1.228878140449524,1.2549974918365479,1.4306355714797974
bsae_512_2048_512__Er0_Dr2_k16_ep16_20251130-051124__k16,2006,16,0.3966566189697809,5,1.0,0.7001529932022095,0.6392554044723511,0.9589248299598694,1.0190292596817017
bsae_512_2048_512__Er0_Dr2_k16_ep16_20251130-051124__k16,1410,16,0.3966566189697809,5,0.2,-0.06741666793823242,-0.09184104204177856,-0.03387341648340225,0.4006774425506592
bsae_512_2048_512__Er0_Dr2_k16_ep16_20251130-051124__k16,131,16,0.3966566189697809,5,0.0,0.1491110473871231,0.11966456472873688,0.122841015458107,0.3247033357620239
bsae_512_2048_512__Er0_Dr2_k16_ep16_20251130-051124__k16,1716,16,0.3966566189697809,5,1.0,1.2845906019210815,1.1579899787902832,1.5093730688095093,1.5311332941055298
bsae_512_2048_512__Er0_Dr2_k16_ep16_20251130-051124__k16,471,16,0.3966566189697809,5,0.2,0.3543938994407654,0.30223143100738525,0.3528290390968323,0.5536233186721802
bsae_512_2048_512__Er0_Dr2_k16_ep16_20251130-051124__k16,1521,16,0.3966566189697809,5,0.4,0.4512413442134857,0.323882520198822,0.6464501619338989,0.9683019518852234
bsae_512_2048_512__Er0_Dr2_k16_ep16_20251130-051124__k16,1460,16,0.3966566189697809,5,0.2,0.23532883822917938,0.018457405269145966,0.26732924580574036,1.0943996906280518
bsae_512_2048_512__Er0_Dr2_k16_ep16_20251130-051124__k16,1524,16,0.3966566189697809,5,1.0,0.749014139175415,0.7932813763618469,0.8060141801834106,0.8873381018638611
bsae_512_2048_512__Er0_Dr2_k16_ep16_20251130-051124__k16,100,16,0.3966566189697809,5,0.0,0.060049690306186676,0.12801341712474823,0.12821677327156067,0.20969420671463013
bsae_512_2048_512__Er0_Dr2_k16_ep16_20251130-051124__k16,788,16,0.3966566189697809,5,0.4,0.483987957239151,0.37498873472213745,0.6005666851997375,0.9330172538757324
bsae_512_2048_512__Er0_Dr2_k16_ep16_20251130-051124__k16,932,16,0.3966566189697809,5,0.8,1.0356155633926392,0.5461776256561279,1.3241331577301025,2.4336135387420654
bsae_512_2048_512__Er0_Dr2_k16_ep16_20251130-051124__k16,738,16,0.3966566189697809,5,0.6,0.47419387102127075,0.44433367252349854,0.662013053894043,0.9124511480331421
bsae_512_2048_512__Er0_Dr2_k16_ep16_20251130-051124__k16,1766,16,0.3966566189697809,5,0.2,-0.04898452013731003,-0.22424361109733582,0.3199063837528229,0.44654861092567444
bsae_512_2048_512__Er0_Dr2_k16_ep16_20251130-051124__k16,1290,16,0.3966566189697809,5,0.2,-0.10611369460821152,-0.0980096086859703,0.23654070496559143,0.4268239736557007
bsae_512_2048_512__Er0_Dr2_k16_ep16_20251130-051124__k16,728,16,0.3966566189697809,5,0.4,0.40597429871559143,0.2852795720100403,0.5551044940948486,0.808107852935791
bsae_512_2048_512__Er0_Dr2_k16_ep16_20251130-051124__k16,1232,16,0.3966566189697809,5,0.4,0.2300942838191986,0.10720604658126831,0.4828647971153259,0.7317960858345032
bsae_512_2048_512__Er0_Dr2_k16_ep16_20251130-051124__k16,1962,16,0.3966566189697809,5,0.0,-0.33489149808883667,-0.32783862948417664,-0.32190561294555664,-0.1871594935655594
bsae_512_2048_512__Er0_Dr2_k16_ep16_20251130-051124__k16,1693,16,0.3966566189697809,5,0.2,0.09278006851673126,0.08914608508348465,0.3413842022418976,0.48626604676246643
bsae_512_2048_512__Er0_Dr2_k16_ep16_20251130-051124__k16,771,16,0.3966566189697809,5,1.0,1.186069369316101,0.9721338748931885,1.106245756149292,1.9221203327178955
bsae_512_2048_512__Er0_Dr2_k16_ep16_20251130-051124__k16,1731,16,0.3966566189697809,5,0.0,0.030296359211206436,0.03110550343990326,0.1570538729429245,0.2378758043050766
bsae_512_2048_512__Er0_Dr2_k16_ep16_20251130-051124__k16,1523,16,0.3966566189697809,5,1.0,0.7279817461967468,0.74468594789505,0.7675544023513794,0.8359808921813965
bsae_512_2048_512__Er0_Dr2_k16_ep16_20251130-051124__k16,974,16,0.3966566189697809,5,0.0,0.013031160458922386,0.027049463242292404,0.09391221404075623,0.1269848644733429
bsae_512_2048_512__Er0_Dr2_k16_ep16_20251130-051124__k16,759,16,0.3966566189697809,5,1.0,1.440571904182434,0.917901873588562,1.7638341188430786,3.127362012863159
bsae_512_2048_512__Er0_Dr2_k16_ep16_20251130-051124__k16,1473,16,0.3966566189697809,5,0.8,1.031432867050171,0.7446783781051636,0.8360992074012756,2.7805421352386475
bsae_512_2048_512__Er0_Dr2_k16_ep16_20251130-051124__k16,1837,16,0.3966566189697809,5,1.0,0.7452125549316406,0.6101574301719666,0.9606009125709534,1.0257465839385986
bsae_512_2048_512__Er0_Dr2_k16_ep16_20251130-051124__k16,1679,16,0.3966566189697809,5,0.0,0.12794995307922363,0.145000159740448,0.15916776657104492,0.22701483964920044
bsae_512_2048_512__Er0_Dr2_k16_ep16_20251130-051124__k16,478,16,0.3966566189697809,5,0.0,-0.04116339236497879,-0.03358406946063042,0.029026702046394348,0.05843207240104675
bsae_512_2048_512__Er0_Dr2_k16_ep16_20251130-051124__k16,1341,16,0.3966566189697809,5,0.4,0.6442599296569824,0.08694034814834595,0.47287362813949585,2.7199037075042725
bsae_512_2048_512__Er0_Dr2_k16_ep16_20251130-051124__k16,77,16,0.3966566189697809,5,0.4,0.3432561755180359,0.03856613114476204,0.5561605095863342,1.2347835302352905
bsae_512_2048_512__Er0_Dr2_k16_ep16_20251130-051124__k16,1368,16,0.3966566189697809,5,0.0,-0.06599271297454834,-0.02432650327682495,0.18248392641544342,0.19045023620128632
bsae_512_2048_512__Er0_Dr2_k16_ep16_20251130-051124__k16,386,16,0.3966566189697809,5,0.2,0.20099349319934845,0.23098909854888916,0.2622745931148529,0.5747804641723633
bsae_512_2048_512__Er0_Dr2_k16_ep16_20251130-051124__k16,428,16,0.3966566189697809,5,0.2,0.25710850954055786,0.2552604079246521,0.25552818179130554,0.8324358463287354
bsae_512_2048_512__Er0_Dr2_k16_ep16_20251130-051124__k16,92,16,0.3966566189697809,5,0.2,-0.10007292032241821,-0.33779460191726685,-0.29193517565727234,0.952695906162262
bsae_512_2048_512__Er0_Dr2_k16_ep16_20251130-051124__k16,1019,16,0.3966566189697809,5,1.0,1.5126038789749146,1.1689757108688354,1.8947468996047974,2.882183313369751
bsae_512_2048_512__Er0_Dr2_k16_ep16_20251130-051124__k16,708,16,0.3966566189697809,5,0.0,0.11969034373760223,0.20868609845638275,0.22910432517528534,0.31972742080688477
bsae_512_2048_512__Er0_Dr2_k16_ep16_20251130-051124__k16,1648,16,0.3966566189697809,5,0.2,0.3134511113166809,0.2537487745285034,0.26792386174201965,0.7549183964729309
bsae_512_2048_512__Er0_Dr2_k16_ep16_20251130-051124__k16,36,16,0.3966566189697809,5,0.0,0.03131132945418358,-0.011867037042975426,0.2662174701690674,0.3150424361228943
bsae_512_2048_512__Er0_Dr2_k16_ep16_20251130-051124__k16,1697,16,0.3966566189697809,5,0.0,-0.2667694687843323,-0.1996031105518341,-0.16973601281642914,-0.06195830553770065
bsae_512_2048_512__Er0_Dr2_k16_ep16_20251130-051124__k16,97,16,0.3966566189697809,5,1.0,0.5860425233840942,0.5418481826782227,0.5735654830932617,0.8029134273529053
bsae_512_2048_512__Er0_Dr2_k16_ep16_20251130-051124__k16,755,16,0.3966566189697809,5,1.0,0.9104790687561035,0.9076070785522461,0.923005998134613,0.9523023366928101
bsae_512_2048_512__Er0_Dr2_k16_ep16_20251130-051124__k16,1303,16,0.3966566189697809,5,1.0,0.7846742868423462,0.7587485313415527,0.8284958004951477,1.1312559843063354
bsae_512_2048_512__Er0_Dr2_k16_ep16_20251130-051124__k16,2013,16,0.3966566189697809,5,0.4,0.40762656927108765,0.09565811604261398,0.8055069446563721,1.199525237083435
bsae_512_2048_512__Er0_Dr2_k16_ep16_20251130-051124__k16,1266,16,0.3966566189697809,5,0.0,0.10404062271118164,0.1715177744626999,0.3162238597869873,0.3710900545120239
bsae_512_2048_512__Er0_Dr2_k16_ep16_20251130-051124__k16,408,16,0.3966566189697809,5,1.0,0.6238957643508911,0.5384790301322937,0.716867208480835,0.9685227274894714
bsae_512_2048_512__Er0_Dr2_k16_ep16_20251130-051124__k16,348,16,0.3966566189697809,5,0.6,0.764492392539978,0.924272358417511,1.1470166444778442,1.2842499017715454
bsae_512_2048_512__Er0_Dr2_k16_ep16_20251130-051124__k16,958,16,0.3966566189697809,5,0.6,0.6742895841598511,0.6873458623886108,1.0654144287109375,1.5427629947662354
bsae_512_2048_512__Er0_Dr2_k16_ep16_20251130-051124__k16,516,16,0.3966566189697809,5,0.8,0.8455657958984375,1.1327259540557861,1.2835609912872314,1.482480764389038
bsae_512_2048_512__Er0_Dr2_k16_ep16_20251130-051124__k16,356,16,0.3966566189697809,5,0.8,0.7797940373420715,0.6357880234718323,1.0979920625686646,1.4648860692977905
bsae_512_2048_512__Er0_Dr2_k16_ep16_20251130-051124__k16,1502,16,0.3966566189697809,5,0.0,-0.14820678532123566,-0.1358758509159088,-0.13077610731124878,0.12576070427894592
bsae_512_2048_512__Er0_Dr2_k16_ep16_20251130-051124__k16,554,16,0.3966566189697809,5,0.2,0.004974746610969305,-0.10381307452917099,0.04712533950805664,0.7939754724502563
bsae_512_2048_512__Er0_Dr2_k16_ep16_20251130-051124__k16,580,16,0.3966566189697809,5,1.0,0.573940098285675,0.5523797273635864,0.5947901606559753,0.6471479535102844
bsae_512_2048_512__Er0_Dr2_k16_ep16_20251130-051124__k16,1374,16,0.3966566189697809,5,0.0,-0.4870745539665222,-0.5156280398368835,-0.2369982898235321,-0.17060700058937073
bsae_512_2048_512__Er0_Dr2_k16_ep16_20251130-051124__k16,477,16,0.3966566189697809,5,1.0,1.6172962188720703,1.575821876525879,1.6717512607574463,1.8516647815704346
bsae_512_2048_512__Er0_Dr2_k16_ep16_20251130-051124__k16,683,16,0.3966566189697809,5,0.0,-0.0500350221991539,-0.09162235260009766,0.11257283389568329,0.1347230225801468
bsae_512_2048_512__Er0_Dr2_k16_ep16_20251130-051124__k16,1223,16,0.3966566189697809,5,0.6,0.5623875856399536,0.5717836022377014,0.7792606949806213,1.1415501832962036
bsae_512_2048_512__Er0_Dr2_k16_ep16_20251130-051124__k16,1515,16,0.3966566189697809,5,1.0,0.9837427139282227,0.9662111401557922,0.9816235899925232,1.1186212301254272
bsae_512_2048_512__Er0_Dr2_k16_ep16_20251130-051124__k16,1006,16,0.3966566189697809,5,0.2,0.07843811810016632,-0.08128014206886292,0.3610222637653351,0.4922439157962799
bsae_512_2048_512__Er0_Dr2_k16_ep16_20251130-051124__k16,1935,16,0.3966566189697809,5,0.8,0.6381224393844604,0.47128036618232727,0.7614213228225708,1.3159080743789673
bsae_512_2048_512__Er0_Dr2_k16_ep16_20251130-051124__k16,1578,16,0.3966566189697809,5,0.6,0.46299058198928833,0.4260942041873932,0.5673675537109375,0.6244957447052002
bsae_512_2048_512__Er0_Dr2_k16_ep16_20251130-051124__k16,1998,16,0.3966566189697809,5,1.0,0.576729953289032,0.5184764266014099,0.6081053018569946,0.7670608162879944
bsae_512_2048_512__Er0_Dr2_k16_ep16_20251130-051124__k16,1699,16,0.3966566189697809,5,0.6,0.4745129942893982,0.43866512179374695,0.5406090021133423,0.7340333461761475
bsae_512_2048_512__Er0_Dr2_k16_ep16_20251130-051124__k16,1893,16,0.3966566189697809,5,0.6,0.5391818284988403,0.4622628092765808,0.7919018864631653,1.05667245388031
bsae_512_2048_512__Er0_Dr2_k16_ep16_20251130-051124__k16,1507,16,0.3966566189697809,5,0.0,-0.07169517129659653,-0.0990561842918396,-0.023884715512394905,0.2303028255701065
bsae_512_2048_512__Er0_Dr2_k16_ep16_20251130-051124__k16,211,16,0.3966566189697809,5,0.4,0.24065057933330536,0.22611577808856964,0.4565238654613495,0.5888943076133728
bsae_512_2048_512__Er0_Dr2_k16_ep16_20251130-051124__k16,609,16,0.3966566189697809,5,1.0,0.9471331834793091,0.9515317678451538,0.9825495481491089,1.0179800987243652
bsae_512_2048_512__Er0_Dr2_k16_ep16_20251130-051124__k16,1159,16,0.3966566189697809,5,0.2,0.3445577919483185,0.31728631258010864,0.3548900783061981,0.7978436946868896
bsae_512_2048_512__Er0_Dr2_k16_ep16_20251130-051124__k16,1728,16,0.3966566189697809,5,1.0,1.3055014610290527,1.286420464515686,1.9579572677612305,2.1142899990081787
bsae_512_2048_512__Er0_Dr2_k16_ep16_20251130-051124__k16,1465,16,0.3966566189697809,5,0.0,-0.08433414250612259,0.0026436783373355865,0.07788747549057007,0.10123257339000702
bsae_512_2048_512__Er0_Dr2_k16_ep16_20251130-051124__k16,407,16,0.3966566189697809,5,1.0,1.3858418464660645,1.1465381383895874,1.855455994606018,2.0211877822875977
bsae_512_2048_512__Er0_Dr2_k16_ep16_20251130-051124__k16,113,16,0.3966566189697809,5,0.2,-0.0796370655298233,-0.23539772629737854,-0.1643909513950348,0.4834792912006378
bsae_512_2048_512__Er0_Dr2_k16_ep16_20251130-051124__k16,818,16,0.3966566189697809,5,0.0,-0.1785891354084015,-0.19939760863780975,-0.10054291784763336,0.10749174654483795
bsae_512_2048_512__Er0_Dr2_k16_ep16_20251130-051124__k16,1703,16,0.3966566189697809,5,0.0,-0.11660587787628174,-0.08087620139122009,-0.037044331431388855,0.003911763429641724
bsae_512_2048_512__Er0_Dr2_k16_ep16_20251130-051124__k16,1704,16,0.3966566189697809,5,1.0,1.5068457126617432,1.3686351776123047,1.397390365600586,2.9922876358032227
bsae_512_2048_512__Er0_Dr2_k16_ep16_20251130-051124__k16,1932,16,0.3966566189697809,5,0.0,-0.2962776720523834,-0.3084180951118469,-0.21480071544647217,0.1473611295223236
bsae_512_2048_512__Er0_Dr2_k16_ep16_20251130-051124__k16,299,16,0.3966566189697809,5,0.4,0.32585006952285767,0.338209867477417,0.39840343594551086,0.5256126523017883
bsae_512_2048_512__Er0_Dr2_k16_ep16_20251130-051124__k16,837,16,0.3966566189697809,5,0.6,0.5869366526603699,0.6565304398536682,0.8504877686500549,1.0796239376068115
bsae_512_2048_512__Er0_Dr2_k16_ep16_20251130-051124__k16,1845,16,0.3966566189697809,5,0.4,0.2397201955318451,0.17582225799560547,0.5039703845977783,0.5535404682159424
bsae_512_2048_512__Er0_Dr2_k16_ep16_20251130-051124__k16,518,16,0.3966566189697809,5,1.0,1.35444176197052,1.3646740913391113,1.4131113290786743,1.4142199754714966
bsae_512_2048_512__Er0_Dr2_k16_ep16_20251130-051124__k16,2012,16,0.3966566189697809,5,0.0,0.08881891518831253,0.15513712167739868,0.16571784019470215,0.33627691864967346
bsae_512_2048_512__Er0_Dr2_k16_ep16_20251130-051124__k16,1796,16,0.3966566189697809,5,0.2,0.32186710834503174,0.3408825397491455,0.34541910886764526,0.47793278098106384
bsae_512_2048_512__Er0_Dr2_k16_ep16_20251130-051124__k16,1258,16,0.3966566189697809,5,0.0,0.032855115830898285,0.11783955246210098,0.20196551084518433,0.3452965021133423
bsae_512_2048_512__Er0_Dr2_k16_ep16_20251130-051124__k16,767,16,0.3966566189697809,5,0.2,0.2887595593929291,0.21098819375038147,0.26561734080314636,1.1259353160858154
bsae_512_2048_512__Er0_Dr2_k16_ep16_20251130-051124__k16,1545,16,0.3966566189697809,5,0.2,0.06644966453313828,-0.02619233727455139,0.22493889927864075,0.6016923189163208
bsae_512_2048_512__Er0_Dr2_k16_ep16_20251130-051124__k16,314,16,0.3966566189697809,5,1.0,2.0845818519592285,2.3039722442626953,2.8438220024108887,2.876063108444214
bsae_512_2048_512__Er0_Dr2_k16_ep16_20251130-051124__k16,593,16,0.3966566189697809,5,1.0,0.7061476111412048,0.7341243624687195,0.8081908822059631,0.8223254680633545
bsae_512_2048_512__Er0_Dr2_k16_ep16_20251130-051124__k16,402,16,0.3966566189697809,5,0.6,0.32870039343833923,0.39970460534095764,0.45229342579841614,0.6659772992134094
bsae_512_2048_512__Er0_Dr2_k16_ep16_20251130-051124__k16,1313,16,0.3966566189697809,5,1.0,0.7330771684646606,0.7538115382194519,0.9019155502319336,0.9521722793579102
bsae_512_2048_512__Er0_Dr2_k16_ep16_20251130-051124__k16,175,16,0.3966566189697809,5,0.6,0.8071213960647583,0.6733379364013672,0.8228658437728882,2.292449474334717
bsae_512_2048_512__Er0_Dr2_k16_ep16_20251130-051124__k16,1193,16,0.3966566189697809,5,0.0,0.11653582006692886,0.14199760556221008,0.15148939192295074,0.19232088327407837
bsae_512_2048_512__Er0_Dr2_k16_ep16_20251130-051124__k16,1250,16,0.3966566189697809,5,1.0,0.8305656313896179,0.7101225852966309,1.1117743253707886,1.1543077230453491
bsae_512_2048_512__Er0_Dr2_k16_ep16_20251130-051124__k16,1318,16,0.3966566189697809,5,0.0,-0.4527462124824524,-0.5111250281333923,-0.3507617712020874,-0.3075883984565735
bsae_512_2048_512__Er0_Dr2_k16_ep16_20251130-051124__k16,216,16,0.3966566189697809,5,0.2,0.1977354735136032,0.09401099383831024,0.2668716609477997,0.5247911214828491
bsae_512_2048_512__Er0_Dr2_k16_ep16_20251130-051124__k16,377,16,0.3966566189697809,5,1.0,0.8263419270515442,0.9110245704650879,0.9759548902511597,1.1453300714492798
bsae_512_2048_512__Er0_Dr2_k16_ep16_20251130-051124__k16,1060,16,0.3966566189697809,5,0.0,0.2089804708957672,0.22698180377483368,0.26708489656448364,0.2918262481689453
bsae_512_2048_512__Er0_Dr2_k16_ep16_20251130-051124__k16,547,16,0.3966566189697809,5,0.0,-0.4185780882835388,-0.43723011016845703,-0.4226536750793457,-0.16888296604156494
bsae_512_2048_512__Er0_Dr2_k16_ep16_20251130-051124__k16,1089,16,0.3966566189697809,5,0.2,0.3805181384086609,0.22754748165607452,0.32422053813934326,1.1858711242675781
bsae_512_2048_512__Er0_Dr2_k16_ep16_20251130-051124__k16,2004,16,0.3966566189697809,5,0.2,0.06838525831699371,0.033219873905181885,0.09753105044364929,0.47440001368522644
bsae_512_2048_512__Er0_Dr2_k16_ep16_20251130-051124__k16,1790,16,0.3966566189697809,5,0.2,0.07286856323480606,-0.022272780537605286,0.3121030926704407,0.4153796136379242
bsae_512_2048_512__Er0_Dr2_k16_ep16_20251130-051124__k16,587,16,0.3966566189697809,5,0.2,-0.058241259306669235,-0.09367406368255615,0.3574037551879883,0.4151897430419922
bsae_512_2048_512__Er0_Dr2_k16_ep16_20251130-051124__k16,987,16,0.3966566189697809,5,0.8,0.5838838815689087,0.5627192854881287,0.7360280752182007,0.8060320615768433
bsae_512_2048_512__Er0_Dr2_k16_ep16_20251130-051124__k16,1762,16,0.3966566189697809,5,0.6,1.0288448333740234,0.5999957323074341,2.0597872734069824,2.392754316329956
bsae_512_2048_512__Er0_Dr2_k16_ep16_20251130-051124__k16,79,16,0.3966566189697809,5,0.0,0.0936792865395546,0.06477119028568268,0.28028449416160583,0.28457802534103394
bsae_512_2048_512__Er0_Dr2_k16_ep16_20251130-051124__k16,1776,16,0.3966566189697809,5,0.4,0.2977861762046814,0.37996286153793335,0.4147109389305115,0.47204750776290894
bsae_512_2048_512__Er0_Dr2_k16_ep16_20251130-051124__k16,1033,16,0.3966566189697809,5,0.6,0.7951412796974182,0.5110030770301819,0.5937570333480835,2.5559346675872803
bsae_512_2048_512__Er0_Dr2_k16_ep16_20251130-051124__k16,1280,16,0.3966566189697809,5,0.0,-0.19638220965862274,-0.2285168170928955,-0.01665329933166504,0.2898167371749878
bsae_512_2048_512__Er0_Dr2_k16_ep16_20251130-051124__k16,1192,16,0.3966566189697809,5,0.2,0.17024020850658417,0.11256776750087738,0.1410837024450302,0.8768423199653625
